speed_ratio,w_align,n,safe_mean,safe_ci95,captured_mean,captured_ci95,P_mean,P_mean_ci95,P_var,P_var_ci95,chi_mean,chi_ci95,xi_fluct_mean,xi_fluct_ci95,components_mean,components_ci95,P_local_mean,P_local_mean_ci95,P_local_var,P_local_var_ci95,chi_local_mean,chi_local_ci95
1.0,0.0,50,0.368125,0.011090776009820053,0.00375,0.0017630761469658647,0.13968106579004766,0.012737603460330961,0.00295276982742604,0.000751385683614305,0.37795453791053313,0.09617736750263103,8.55,2.209561947536208,71.04,1.329879152404458,0.9318689531298063,0.007968068180013178,0.035961916802100494,0.0047570117822688315,4.603125350668863,0.6088975081304104
1.0,0.05,50,0.3790625,0.015708869906839257,0.003125,0.0013834964763236657,0.27799382129845773,0.03416160536097793,0.017970072620621627,0.004973107377346517,2.3001692954395683,0.6365577443003542,14.8,1.923866939265811,58.14,1.5579779716029363,0.9567321589441897,0.008371680898577191,0.01979413787379931,0.004738916400089756,2.5336496478463117,0.6065812992114887
1.0,0.1,50,0.37734375,0.015506582523641373,0.00375,0.0014667672787460184,0.4099281842916057,0.03366499876145826,0.04079817417940483,0.006387480628508925,5.222166294963818,0.8175975204491424,17.8,1.5440673560437703,40.4,1.2596888504706232,0.9813937989182918,0.005858730339081091,0.00581354109345782,0.0026869515170684236,0.7441332599626009,0.3439297941847582
1.0,0.15,50,0.37859375,0.019620350762983314,0.003125,0.0014510233457804874,0.4520726948230029,0.034300336894508225,0.03861653299312173,0.005438959714466445,4.942916223119582,0.696186843451705,20.3,2.5379802993719234,31.84,1.3338819138139628,0.9862401633437011,0.004132774461574664,0.004519869026295523,0.0020739052306954944,0.578543235365827,0.2654598695290233
1.0,0.2,50,0.36390625,0.020361806502923553,0.003125,0.0014510233457804874,0.46849747580525525,0.03645253751146181,0.03915440984305421,0.006277291884168164,5.011764459910939,0.803493361173525,21.7,2.3652957531776018,26.4,1.3796927194125508,0.9867567694995827,0.004265307111873747,0.0038454255257670523,0.0017651470303302024,0.4922144672981827,0.2259388198822659
1.0,0.25,50,0.35921875,0.022357448598006435,0.00296875,0.0013044545076391129,0.4753203886210074,0.04228994946451738,0.040910997307402414,0.006459918938618921,5.236607655347509,0.8268696241432218,22.4,2.4003366430565523,21.8,1.0713430823037033,0.9889431416203397,0.004622508433999956,0.0021923883300641865,0.0014293660426903832,0.28062570624821587,0.18295885346436905
1.0,0.3,50,0.3734375,0.029234036776504196,0.00296875,0.0014437500000000002,0.47866318392977697,0.03996632517349921,0.03930168614343324,0.006907991851705983,5.030615826359455,0.8842229570183658,22.5,2.2747307532980687,18.92,0.9936489520952557,0.9894205364368689,0.004463313048837821,0.0023864142313255172,0.0016252328892546303,0.3054610216096662,0.20802980982459268
1.0,0.35,50,0.3965625,0.0239930360990434,0.00375,0.001591922972382772,0.4519049406803395,0.04542621349216018,0.03533790969128264,0.006661455172878889,4.523252440484178,0.8526662621284978,22.7,2.5960092449758343,17.24,0.985281766805821,0.9912540198217967,0.0032207538459718948,0.001417230578541822,0.0009137265161211659,0.18140551405335323,0.11695699406350923
1.0,0.4,50,0.37484375,0.026145850680605133,0.00296875,0.0013044545076391129,0.46745844705126144,0.0427683800277775,0.0350157391038708,0.005736666214843237,4.482014605295462,0.7342932754999343,24.1,2.5423013196708215,16.52,1.0036974843049076,0.9920264327260958,0.0036157855377581343,0.0014563583201739933,0.0010652540652054954,0.18641386498227114,0.1363525203463034
1.0,0.45,50,0.3625,0.02266148646382227,0.00265625,0.0012837475657231057,0.4785137835888316,0.039040909430726786,0.041090185262398646,0.005659511155769545,5.259543713587027,0.7244174279385017,23.6,2.429554691707927,15.62,0.8527643519753859,0.9944819662732737,0.0019547824397655894,0.0008614222151808494,0.0006006119570816881,0.11026204354314872,0.07687833050645608
1.0,0.5,50,0.37453125,0.03019513943191023,0.00359375,0.001397947714508665,0.476611133957383,0.03615665985841183,0.03748851655232,0.005647277022214217,4.79853011869696,0.7228514588434197,24.2,2.8910593214252795,14.4,0.9047076875985967,0.9944428508900346,0.0020678248850993287,0.0006894477029067227,0.00043184043118866145,0.0882493059720605,0.055275575192148665
1.0,0.55,50,0.3825,0.026107278678560122,0.0034375,0.0014615381452428807,0.495633972451304,0.04018984065473594,0.03949221263253461,0.005315710230249832,5.05500321696443,0.6804109094719785,23.1,3.0881347120875406,14.62,0.8709575420191273,0.9915316457989585,0.0031016934327175805,0.0017573361560868687,0.0011854084951535455,0.2249390279791192,0.15173228737965383
1.0,0.6,50,0.39234375,0.026949041176125357,0.00375,0.0015306248723968912,0.4777078773846246,0.03801217617475332,0.03845502787756747,0.005994213434697557,4.9222435683286365,0.7672593196412872,23.4,2.591929011373575,13.58,0.9169134310282513,0.992093355339925,0.0034969941833577936,0.0019790552379808693,0.0012923513945360837,0.2533190704615513,0.1654209785006187
1.0,0.65,50,0.38296875,0.028168647381663536,0.0034375,0.0015871062503814925,0.4597766397778016,0.03995137836251196,0.03845866643067009,0.008048644765180269,4.922709303125772,1.0302265299430744,21.2,2.9207368933199027,13.54,0.7579884959549189,0.9936736006682914,0.0029805885780708136,0.0014024183652435842,0.0011699640288405345,0.17950955075117878,0.1497553956915884
1.0,0.7,50,0.38078125,0.029065973582739317,0.003125,0.0015774286830154954,0.47411373885391433,0.04353623954313724,0.03311252922061879,0.005215896317044973,4.238403740239205,0.6676347285817565,25.2,3.2437731116710364,13.94,0.8790573132623377,0.9956122438746108,0.003320808029654434,0.0014591496988823824,0.0019947622599262786,0.18677116145694495,0.25532956927056366
1.0,0.75,50,0.37125,0.022011250674371048,0.0034375,0.0017034432042190312,0.45082327657978544,0.04080378154726821,0.03235579099443819,0.004652215767296559,4.141541247288088,0.5954836182139596,22.4,2.7646366849913573,13.24,0.903944777074352,0.9937320823371469,0.0024682251360842898,0.000997807513160241,0.0008648904353503144,0.12771936168451084,0.11070597572484024
1.0,0.8,50,0.3678125,0.026416596345858034,0.00359375,0.0015901184114712969,0.47116567312637186,0.035800379832261454,0.03756228166680222,0.00640945031263772,4.807972053350684,0.8204096400176282,21.6,1.9935134812686868,13.6,0.7513188404399294,0.9963879926476439,0.0016169367199281091,0.0005568025858609048,0.000555876224012985,0.07127073099019582,0.07115215667366208
1.0,0.85,50,0.35359375,0.027724558297879152,0.00375,0.001591922972382772,0.4545655786339236,0.04024382435898364,0.03635391478873196,0.0061783023182416,4.653301092957691,0.7908226967349248,22.9,2.726803256562526,12.52,0.8385801333206029,0.9907514760763881,0.005458171018840329,0.002516692255669276,0.0022622438999265995,0.32213660872566735,0.28956721919060474
1.0,0.9,50,0.37703125,0.02540443874232414,0.0034375,0.001646302675694843,0.4740746775915965,0.04158887553774307,0.037901392573554335,0.006455783682841964,4.851378249414955,0.8263403114037714,21.6,2.051656891392905,12.18,0.685148042396678,0.9939329805552368,0.004289101752419303,0.001065334778539104,0.0012101686694538823,0.13636285165300532,0.15490158969009693
1.0,0.95,50,0.3840625,0.02668161820429938,0.00484375,0.001688205870887789,0.4867574140101442,0.03971534797826509,0.04001143472516948,0.005977253517952622,5.121463644821693,0.7650884502979356,22.3,2.771292839091531,11.98,0.7027721110004295,0.9941459604438809,0.0026511296983081937,0.0012231609056340099,0.0009436884002562902,0.15656459592115327,0.12079211523280514
1.0,1.0,50,0.3903125,0.030811805266001538,0.0040625,0.001591922972382772,0.4865136822587982,0.03763438823973425,0.03975106303677363,0.006648685637008962,5.0881360687070245,0.8510317615371471,24.7,2.8713313984979165,11.88,0.6963842617405996,0.9961326631917138,0.0023495382654712856,0.0005405292764870423,0.0004174680276189632,0.06918774739034142,0.05343590753522729
1.05,0.0,50,0.34375,0.010796592344346432,0.08203125,0.003310288176654715,0.10255422875426518,0.008103790009336446,0.0018164478842579942,0.00045799423903168624,0.23250532918502326,0.05862326259605584,5.15,1.7169845660343017,65.7,1.3833813646279902,0.9277174595986163,0.009761394837533285,0.0401989165792678,0.006503325496879379,5.145461322146279,0.8324256636005605
1.05,0.05,50,0.3446875,0.0137700649054389,0.08015625,0.0030250839347859423,0.25721962302705903,0.026396337378409077,0.0128873643030489,0.002762667499235132,1.6495826307902592,0.3536214399020969,14.05,2.321172979336094,56.28,1.439799097096536,0.9579296274312818,0.007649737392084311,0.019485213401887885,0.004706989562754536,2.4941073154416493,0.6024946640325806
1.05,0.1,50,0.37078125,0.013457730410901387,0.07703125,0.0034451562464567556,0.3677149808801555,0.032147566392882874,0.03026653291839955,0.005105177218381618,3.8741162135551424,0.6534626839528471,17.9,2.03535156668326,38.64,1.4589692800055798,0.9778171234508748,0.005355864682384757,0.00853626326568856,0.002964503900076524,1.0926416980081357,0.3794564992097951
1.05,0.15,50,0.348125,0.017675,0.075,0.003444878444880167,0.4167585291019587,0.04221838800392121,0.03353116168843698,0.005322456679991102,4.291988696119933,0.6812744550388611,21.5,2.3593219364893807,30.9,1.250004799990784,0.9821068008917466,0.005171258388802484,0.005753488014816426,0.0023200578326390666,0.7364464658965025,0.2969674025778005
1.05,0.2,50,0.3665625,0.019657532748287614,0.07453125,0.0040856503842717625,0.4392027851133647,0.036458707318289076,0.03224693907808182,0.0048447524824303655,4.127608201994473,0.6201283177510868,20.1,1.79811456809626,24.66,1.2454304316179206,0.9876191319133912,0.004175846517119105,0.003132119171292757,0.0016349561779931542,0.4009112539254729,0.20927439078312374
1.05,0.25,50,0.36109375,0.019781048577173554,0.0709375,0.004238108363409317,0.4507989069995444,0.03962216804186895,0.035469452736882415,0.005929999861051475,4.540089950320949,0.7590399822145888,22.8,2.5724976190465174,20.82,1.160822053546537,0.984800788674025,0.005261010318865266,0.004670088071385398,0.002267650623874927,0.5977712731373309,0.29025927985599065
1.05,0.3,50,0.37296875,0.023343033790887164,0.07625,0.003648865405848782,0.4024585922281488,0.03895202898233488,0.028408840838867563,0.005614282815086277,3.636331627375048,0.7186282003310435,22.9,2.839481642835537,18.6,1.0536337124446995,0.9859175018950838,0.004764743346706707,0.003025194793345428,0.0013494985932052783,0.3872249335482148,0.17273581993027562
1.05,0.35,50,0.37515625,0.024294016913892606,0.07046875,0.0034584644804450423,0.43024319668848404,0.03216029546150416,0.03138155135431562,0.005516733986563037,4.016838573352399,0.7061419502800688,22.8,2.6623568506118787,16.68,0.9882691131468189,0.9887171119021597,0.004579865786086491,0.0026713763697121745,0.0021096220703881257,0.34193617532315834,0.2700316250096801
1.05,0.4,50,0.36375,0.02467189696800795,0.068125,0.00424262227284023,0.44945945189861597,0.03593654809227431,0.03399136640768743,0.0051772758246639555,4.350894900183991,0.6626913055569863,21.6,2.530710572151624,14.96,1.0325282369020228,0.9916396266050507,0.0038785122887946377,0.0015704807749289701,0.0011750272347260161,0.20102153919090818,0.15040348604493006
1.05,0.45,50,0.3696875,0.02231438717509401,0.07328125,0.0035781509278536585,0.4246685820657436,0.04228875597341853,0.028989876175805146,0.004855540011747687,3.7107041505030587,0.621509121503704,23.6,2.913749474474427,14.32,0.8592670364909851,0.9926210328185124,0.0033008534954616932,0.001354814573306776,0.0009159776916151231,0.17341626538326732,0.11724514452673576
1.05,0.5,50,0.35453125,0.023166399597531334,0.0703125,0.003913118960624632,0.4395978360233223,0.03832330088174284,0.0327358971138026,0.005197419761599409,4.190194830566733,0.6652697294847244,25.6,3.0272390060911936,13.56,0.91016798449517,0.9912347696376504,0.00468156731847319,0.0015002999830862863,0.0012516240463102456,0.19203839783504464,0.16020787792771143
1.05,0.55,50,0.3775,0.02742130501544374,0.070625,0.0041264391428930585,0.4596481192881323,0.03583025347440095,0.03309556424674402,0.005037266942816867,4.236232223583235,0.644770168680559,21.9,2.752558082947569,13.2,0.82112118472245,0.9887730358032532,0.006177903351898265,0.003051504546661968,0.002352190082855865,0.3905925819727319,0.30108033060555073
1.05,0.6,50,0.36140625,0.02811532403001075,0.06953125,0.003795170656571322,0.43833667348824745,0.040755476182515446,0.03419675593585228,0.005231499635244455,4.377184759789092,0.6696319533112902,21.9,2.107267424889399,12.6,0.7698727167525811,0.9906399582575126,0.0051281221102326534,0.002610738734012104,0.0020281014784395185,0.33417455795354933,0.25959698924025837
1.05,0.65,50,0.38,0.026596833693129717,0.06765625,0.003829312315873439,0.45026033759213746,0.034341574382635465,0.035498857189564796,0.005830717096630345,4.543853720264294,0.7463317883686842,22.8,2.5572141091429947,12.68,0.7728,0.991953820073189,0.00479905577335625,0.0016211703061995558,0.0013824687299014286,0.20750979919354315,0.17695599742738286
1.05,0.7,50,0.36359375,0.023585308092380308,0.07171875,0.003408290673123406,0.43087870441240894,0.03713747978907558,0.033541770515484216,0.005402394054518248,4.29334662598198,0.6915064389783357,24.1,2.6331912197939595,12.02,0.8845341372722706,0.9918922534105112,0.003056637359028397,0.001290168599197575,0.0007816236809698333,0.1651415806972896,0.10004783116413866
1.05,0.75,50,0.36484375,0.02937854034516521,0.071875,0.00489139870078079,0.4320246039871457,0.043017495140573014,0.03129004842918016,0.004389682380561995,4.00512619893506,0.5618793447119353,24.3,3.2262027214668327,11.74,0.6597788720472942,0.9928965713118478,0.0034088191343949583,0.0015146645577210783,0.0012664022797279869,0.19387706338829802,0.16209949180518232
1.05,0.8,50,0.35890625,0.030513578560413066,0.07296875,0.004517280189727,0.4392470198246912,0.0366702199649282,0.03414535659273688,0.005051491495736031,4.370605643870321,0.646590911454212,24.0,2.9797315315309865,11.7,0.7220526296607471,0.9906751952660565,0.004139395356638127,0.0013844110835974839,0.0008027653456703284,0.17720461870047793,0.10275396424580203
1.05,0.85,50,0.35890625,0.03311273888645426,0.0740625,0.0050120012220668895,0.4224514618725699,0.04062655982422346,0.029754349341759256,0.005141758696255926,3.8085567157451847,0.6581451131207585,23.0,2.80349781523011,11.2,0.721509528696607,0.9909897291268521,0.003618820397332447,0.0023302991805583665,0.0015033528598803587,0.2982782951114709,0.1924291660646859
1.05,0.9,50,0.3515625,0.02324109372426349,0.07328125,0.00511875,0.42855411102746777,0.03902254543771097,0.031228257732436066,0.005259906108798023,3.9972169897518164,0.6732679819261469,21.3,2.481754218289958,11.82,0.6874327894419934,0.9923876739231241,0.0033162123272886114,0.0017061311421714426,0.0015582727321072555,0.21838478619794466,0.1994589097097287
1.05,0.95,50,0.36703125,0.03230246519714091,0.0759375,0.004010708322728044,0.43008515531041397,0.03986809276522863,0.031883522678528765,0.006175117673909197,4.081090902851682,0.7904150622603772,22.5,2.4569900284697934,12.1,0.7155082109941157,0.9937998716972882,0.0028565519687865047,0.0016248046763017582,0.0011190239542281765,0.20797499856662505,0.1432350661412066
1.05,1.0,50,0.3553125,0.03133013226113161,0.07984375,0.0038710715974391375,0.4158917069974602,0.038749366313080374,0.03048481016600882,0.0051525309250560185,3.902055701249129,0.6595239584071704,24.9,2.966414670945382,10.98,0.7418467766324794,0.993023703983166,0.004590408827990957,0.0008607818070530786,0.0006423064327266159,0.11018007130279406,0.08221522338900683
1.1,0.0,50,0.33203125,0.013271834898102824,0.1478125,0.005801454558987771,0.10202882389303905,0.00932977077420159,0.0016875794110494896,0.00030677374035483146,0.21601016461433467,0.03926703876541843,6.65,1.606099623311082,60.66,1.5413841052768127,0.9445439996792,0.008273341445502968,0.031844851481671974,0.00547611924139378,4.076140989654013,0.7009432628984038
1.1,0.05,50,0.32921875,0.013320492025916309,0.14359375,0.004689420439937113,0.24515103535480925,0.026794460069599426,0.01255313572017221,0.0027275702962344522,1.6068013721820429,0.3491289979180099,13.5,1.5839191898578664,52.48,1.451945122929927,0.9574386219188004,0.008119242937975257,0.021074455582769182,0.004908946091672599,2.6975303145944554,0.6283450997340927
1.1,0.1,50,0.34171875,0.017667688772516343,0.1453125,0.005139461304455944,0.3268026608989906,0.032749626174366345,0.02140324685619006,0.004231023216758246,2.7396155975923278,0.5415709717450555,16.7,1.9671868238680328,37.88,1.3995967419224724,0.9746479266654507,0.006006743991011146,0.009301488150784964,0.0030223355049574015,1.1905904833004755,0.3868589446345474
1.1,0.15,50,0.34765625,0.018433500625559433,0.13140625,0.006320171699605952,0.4210331589991798,0.034537391323628625,0.032813694191851164,0.004954506754644119,4.200152856556949,0.6341768645944472,18.6,1.9457481851462692,28.28,1.0432245395886737,0.9861330512666483,0.004915309992445758,0.004606895824806072,0.002689356895538177,0.5896826655751772,0.34423768262888665
1.1,0.2,50,0.33203125,0.01727571113767824,0.12515625,0.00516713245548244,0.45558137451585295,0.03940013341615072,0.03935656205911545,0.006058764663245362,5.037639943566778,0.7755218768954063,23.2,2.9367982566053117,23.58,1.1787833728043504,0.9890959639613445,0.003700782788220274,0.0027838482484149303,0.0015210233198762373,0.3563325757971111,0.19469098494415837
1.1,0.25,50,0.35625,0.021826821945716238,0.12515625,0.006332274102761187,0.4302395985011405,0.04081378290422891,0.0321735951110318,0.005000869431871782,4.1182201742120705,0.6401112872795881,21.4,2.585872386642465,20.86,1.1297713751020602,0.9881633864641804,0.00405268903856834,0.003557070190347862,0.0019501386611435936,0.4553049843645263,0.24961774862637998
1.1,0.3,50,0.3315625,0.02148726366943916,0.1225,0.0054016635169177275,0.4705548850013372,0.033592001653800586,0.03754638342224514,0.005385473538604097,4.805937078047378,0.6893406129413244,22.0,2.3300643767930533,17.64,0.8244752027805323,0.9915771876870495,0.003856895679337413,0.001686939347066356,0.0014468376376420792,0.21592823642449357,0.18519521761818614
1.1,0.35,50,0.35703125,0.024972973672802767,0.12453125,0.006597552221278736,0.4146170575293513,0.04154296741190741,0.02811522317826907,0.0044731146907132065,3.598748566818441,0.5725586804112904,21.6,2.3206240539992686,15.24,1.0574365985722265,0.993005841707808,0.002175069860121411,0.0010455570981394637,0.0006151070950011913,0.13383130856185135,0.07873370816015249
1.1,0.4,50,0.3484375,0.02427632269825889,0.12453125,0.006208955855254569,0.42751456545913685,0.038225890942674194,0.030699075671717382,0.005299932546754611,3.929481685979825,0.6783913659845902,24.1,2.662798527864998,14.74,1.071064965349908,0.9906373409939968,0.0045808488641695625,0.002241572665354907,0.002031657827928381,0.2869213011654281,0.26005220197483275
1.1,0.45,50,0.3525,0.022966208192690407,0.1178125,0.006661503208735998,0.4293406653621256,0.041564573744225675,0.03328927904760778,0.006498818807206516,4.261027718093795,0.831848807322434,24.7,2.568685266824256,14.5,0.8515867542417507,0.9899719082921934,0.005344715022420948,0.0023709757183195943,0.0019816996699175107,0.3034848919449081,0.2536575577494414
1.1,0.5,50,0.35546875,0.026090007216604975,0.1178125,0.006367691889531088,0.4284797814847579,0.04445691362144461,0.031609325414161046,0.0056884656110864264,4.045993653012614,0.7281235982190626,26.1,3.0677574871557236,13.12,0.8127527545323977,0.9891360812308221,0.005999671997469063,0.002388017865320025,0.002111606600625989,0.3056662867609632,0.2702856448801266
1.1,0.55,50,0.36078125,0.025195936087244308,0.121875,0.006777720855862979,0.4563915779639868,0.035032908179816094,0.03341479926075028,0.004980211009905777,4.2770943053760355,0.6374670092679394,25.6,2.741856305498156,12.66,0.8811951883663459,0.9934636983909735,0.002952807981864954,0.001066138881464778,0.0008107071050399715,0.13646577682749159,0.10377050944511636
1.1,0.6,50,0.35859375,0.025307966414994703,0.12609375,0.006125156248007066,0.40764460617896775,0.0416975970980405,0.02815750310345658,0.005436098620550906,3.6041603972424423,0.695820623430516,23.6,2.927172014077751,12.7,0.8367269566591002,0.9904529233243657,0.0047661700320337065,0.002019852520090677,0.0014359828810769485,0.25854112257160666,0.1838058087778494
1.1,0.65,50,0.320625,0.02589379148560519,0.12171875,0.006446113775950592,0.420425357630778,0.042422291538502084,0.03107235884264996,0.005388114453156674,3.977261931859195,0.6896786500040543,24.6,3.5205476846649866,11.82,0.8848886031586123,0.994327469910318,0.0028841679361718935,0.000776870220880045,0.0006341224713153423,0.09943938827264576,0.08116767632836382
1.1,0.7,50,0.3940625,0.02991412448576759,0.12234375,0.007076283562895144,0.4377091436873945,0.037399874060927076,0.03177587189067246,0.004880722747785993,4.0673116020060744,0.6247325117166072,25.4,3.3140694018079944,10.94,0.8843923111379927,0.9951746665221206,0.002397006168965985,0.0006349194110902795,0.0005375001486638425,0.08126968461955578,0.06880001902897184
1.1,0.75,50,0.37359375,0.02853724334641487,0.124375,0.008276038454478083,0.446239554751304,0.041403139233466696,0.03218680611047863,0.005431760104394783,4.119911182141265,0.6952652933625322,21.7,2.7342684579243492,11.3,0.9188949885596286,0.9955057753323886,0.001755044248979091,0.0006952915232576679,0.0005886156175521988,0.08899731497698149,0.07534279904668145
1.1,0.8,50,0.38265625,0.025699131338675633,0.124375,0.006560166251704296,0.44168985940074457,0.039425594897314654,0.03428369545881344,0.005565438896695649,4.3883130187281205,0.7123761787770431,24.0,3.070439707924583,11.14,0.6031644551861457,0.9916636938107193,0.005361082620445028,0.0025328798545066157,0.0025236757479195878,0.3242086213768468,0.32303049573370723
1.1,0.85,50,0.3384375,0.024950698261772153,0.12140625,0.0064330354664419494,0.44407453660511054,0.03873916163790261,0.03126257771295253,0.004830495006941604,4.001609947257924,0.6183033608885253,22.1,2.811735407181835,11.54,0.6414628282293526,0.9950903650384991,0.002101624382564905,0.0007936608561344369,0.0007127522217419473,0.10158858958520792,0.09123228438296925
1.1,0.9,50,0.348125,0.027160823118970456,0.1296875,0.008173174490367863,0.4215463603123014,0.0318691431396103,0.030962434876363982,0.004536651817473337,3.9631916641745897,0.5806914326365872,22.9,2.4060457186013733,10.76,0.7006940559188439,0.9931531740430934,0.002795290031474967,0.0014414743567072732,0.0010972542715854093,0.18450871765853097,0.1404485467629324
1.1,0.95,50,0.34546875,0.028052212061841036,0.13546875,0.008086178891324382,0.4306641273775052,0.03806184577677943,0.027361724999911106,0.004432851540196952,3.5023007999886215,0.5674049971452099,27.4,3.2350604322021557,11.54,0.7743607428066069,0.9926442699546087,0.004049276368912301,0.001308930379923744,0.0011480463482904009,0.16754308863023923,0.1469499325811713
1.1,1.0,50,0.35875,0.028399917473471644,0.13234375,0.009336397608954966,0.4314481635180145,0.033678549090098465,0.02838359295446699,0.004574270391067611,3.633099898171775,0.5855066100566542,22.4,2.43277948034753,11.44,0.6413405959394742,0.9967861278414887,0.0012546129915094234,0.00027340668166667256,0.00023710237281943534,0.03499605525333409,0.030349103720887723
1.15,0.0,50,0.32734375,0.012636481474781656,0.20390625,0.009169252712871426,0.10586465197154515,0.009540034917101302,0.0020637055745699674,0.00041014615222811484,0.26415431354495583,0.0524987074851987,5.7,1.7262630158814156,54.28,1.68841625199475,0.9380549513594721,0.009116001040610496,0.03266462718514133,0.005692190754070914,4.18107227969809,0.728600416521077
1.15,0.05,50,0.32875,0.01117844605703315,0.20796875,0.007763498828653224,0.21953575711285628,0.023609337703279207,0.009126375817704167,0.0018269574747654114,1.1681761046661334,0.23385055676997266,12.7,1.6790664072632744,47.0,1.3977582051270527,0.9594425770326731,0.006833535871171295,0.020655237950528257,0.004392123053731718,2.643870457667617,0.5621917508776599
1.15,0.1,50,0.34359375,0.01306280053482024,0.199375,0.007218617423024994,0.37158200390802515,0.031819651448957854,0.029015228844043447,0.0048289256759283024,3.713949292037561,0.6181024865188227,17.4,1.9091401205778478,34.02,1.390436133017263,0.9813176266561942,0.005885370192417514,0.006809492527153273,0.0030988074241094584,0.8716150434756189,0.39664735028601067
1.15,0.15,50,0.34875,0.017962878388498874,0.17875,0.009749871794028881,0.4306511264530268,0.03386675205349728,0.03812831026502843,0.005345476436517197,4.880423713923639,0.6842209838742012,19.3,2.3048609502527473,27.14,1.1016639051906891,0.9893003602752686,0.0033249086724676893,0.003099090563064554,0.001867281402560359,0.3966835920722629,0.23901201952772594
1.15,0.2,50,0.333125,0.01951053801795327,0.18,0.0070945181302185705,0.4528498865255676,0.036451921628036954,0.03695528787000383,0.005346700413856517,4.73027684736049,0.6843776529736342,20.3,2.4435515136784,22.78,0.9720316044244651,0.9879051000168876,0.003929127664344555,0.0023851633337542504,0.0013011956319456592,0.30530090672054405,0.16655304088904438
1.15,0.25,50,0.3434375,0.023054880177524235,0.17421875,0.008338364366738838,0.4293468594569553,0.03263754581457354,0.03191178489917185,0.0044006020323898816,4.084708467093996,0.5632770601459048,21.6,2.7532700557700474,18.6,0.7978771835314004,0.9848737101840801,0.007226799159288186,0.004545666639769158,0.003081761006168216,0.5818453298904522,0.3944654087895316
1.15,0.3,50,0.3421875,0.020650741512110406,0.16734375,0.009167582577348293,0.4445598028507962,0.03297143913209265,0.03261490840652372,0.004936863837497736,4.1747082760350365,0.6319185711997102,23.1,2.467179766453997,17.16,0.9525927566384284,0.9925461631630935,0.003671634971695232,0.002066668980741708,0.0018658033231384484,0.26453362953493864,0.2388228253617214
1.15,0.35,50,0.34515625,0.02137352059938886,0.17203125,0.007696643444547759,0.42097259746388105,0.03813022839388985,0.0308768773223928,0.004353856179301184,3.9522402972662785,0.5572935909505515,21.1,1.836936580287953,15.56,0.9439945762556055,0.9881936926100157,0.006425650779117207,0.0032267050379900394,0.002417065979760758,0.41301824486272504,0.30938444540937704
1.15,0.4,50,0.34828125,0.02400312561027209,0.17015625,0.009447265229287256,0.44429007573494145,0.034321227065425335,0.03267335359062379,0.005497737550848213,4.182189259599845,0.7037104065085713,22.4,2.66353449386337,14.84,0.8275125135005512,0.9897844364015799,0.007102221608248514,0.0015904505789808474,0.0015241032423391897,0.20357767410954847,0.19508521501941628
1.15,0.45,50,0.3325,0.0236742080120962,0.1728125,0.007355206489283628,0.40809924308379836,0.03636749138849507,0.02971117276932733,0.004598791737011824,3.803030114473898,0.5886453423375134,22.4,2.7217670730611756,13.64,0.9679418164331987,0.9899621720995309,0.0055546036172983235,0.00231743121261673,0.001708458221316979,0.29663119521494147,0.2186826523285733
1.15,0.5,50,0.35484375,0.024146234987312203,0.174375,0.010208291666581631,0.43396800250624123,0.037910460942447884,0.03366809012716515,0.005518018435717401,4.309515536277139,0.7063063597718273,22.6,2.4806483023596875,13.36,0.9663205265335099,0.9912643462546247,0.0032474330951271857,0.0010865057206240409,0.0006661101788687871,0.13907273223987723,0.08526210289520475
1.15,0.55,50,0.34953125,0.02565932837804801,0.1778125,0.009429723617370765,0.39828014487272556,0.03613323141244429,0.028238814356386945,0.005269539575098059,3.614568237617529,0.6745010656125515,24.2,2.665299983116347,12.62,0.7716832510816857,0.9914611858601607,0.0049518030418918635,0.0013068685410991235,0.0011001555501666694,0.1672791732606878,0.14081991042133368
1.15,0.6,50,0.335,0.024913080148789308,0.173125,0.00884096466738783,0.4342626770523076,0.040162102252553844,0.03466714791950888,0.005377693839311096,4.437394933697137,0.6883448114318202,24.6,3.181297848363149,11.26,0.8599419515292878,0.9922837003277496,0.005195405510562534,0.0019203166197658275,0.0022771328466637333,0.24580052733002591,0.29147300437295787
1.15,0.65,50,0.34609375,0.02645790066903457,0.18015625,0.008644473035558615,0.4530859112863488,0.03455818272169455,0.03244680027323538,0.0048196537141181614,4.153190434974128,0.6169156754071247,25.0,3.1709304628137147,11.54,0.9894900504805494,0.9940409153722252,0.0027825398571769467,0.0009553457497082729,0.0007771476669657361,0.12228425596265893,0.09947490137161422
1.15,0.7,50,0.3521875,0.025276143643760216,0.1875,0.008149722004461256,0.3926821991497417,0.03964301645790306,0.028110346234003783,0.005461195459950516,3.598124317952484,0.6990330188736661,24.1,3.2465514011024066,11.06,0.7353079354936951,0.9903574139606853,0.005734434865403034,0.0018337704342771134,0.0016733275223116569,0.2347226155874705,0.21418592285589208
1.15,0.75,50,0.35015625,0.022672843923127507,0.17625,0.008849620401463556,0.4505100430684161,0.03438058288199229,0.033858979060661785,0.005910987000092437,4.3339493197647085,0.7566063360118319,24.9,2.8033579864155773,10.34,0.816544524199385,0.9947182393174875,0.002648899194769659,0.0008452578428131056,0.0007099307143002648,0.10819300388007752,0.09087113143043389
1.15,0.8,50,0.32703125,0.027174385486382208,0.18390625,0.009158391387820241,0.4218754261592257,0.040892519782438526,0.02811441444995683,0.004704219605843877,3.598645049594474,0.6021401095480162,26.4,3.1960500621861354,11.3,0.606379419175816,0.9958575113615896,0.0014909090415224791,0.00032698027171501886,0.00025003791195507113,0.041853474779522414,0.032004852730249105
1.15,0.85,50,0.32859375,0.022020683636356522,0.18953125,0.008344789261119779,0.44162560070832085,0.03635983003141142,0.03137351956097802,0.004689916069952922,4.015810503805187,0.600309256953974,23.8,3.128115087396881,10.7,0.7924544150927546,0.9940029054478751,0.002819907616466465,0.0008377648384339996,0.0008692857774520943,0.10723389931955195,0.11126857951386807
1.15,0.9,50,0.32609375,0.022933556370796478,0.18953125,0.012295306840925115,0.40201753214162755,0.03927052100052171,0.027433388060720865,0.005299795995079778,3.5114736717722708,0.6783738873702115,23.1,2.7094973703622593,10.82,0.7631014611439293,0.993995780779753,0.0022577224514927535,0.0004952787691417482,0.00039952040601462307,0.06339568245014376,0.05113861196987175
1.15,0.95,50,0.3346875,0.023880287372642733,0.19171875,0.010592651122948401,0.4049933081689391,0.03599716507012828,0.029430787060661615,0.0050657435632225755,3.7671407437646867,0.6484151760924897,24.0,2.80349781523011,11.08,0.8073327938341163,0.9962874541901396,0.0023065161797053897,0.00034614692743325154,0.0003907448665602404,0.0443068067114562,0.05001534291971077
1.15,1.0,50,0.33453125,0.025449153503849593,0.195,0.01059942510233456,0.422087248846314,0.03952749490691718,0.0291142703936378,0.004431866432801987,3.7266266103856385,0.5672789033986544,23.7,2.8631283589807848,10.6,0.6696626016136782,0.9945782822400916,0.002383548089816188,0.00039286095863937657,0.00026712328150848495,0.0502862027058402,0.034191780033086074
1.2,0.0,50,0.3034375,0.009989572688558806,0.27359375,0.008341118498888503,0.10277262414966573,0.009604208919585824,0.0019586416194321906,0.0003664717435761578,0.2507061272873204,0.046908383177748196,7.0,1.7928747864811976,50.0,1.1826478765888009,0.957582150208902,0.0074257347639922165,0.022331352650001173,0.004990841136989321,2.85841313920015,0.6388276655346331
1.2,0.05,50,0.30765625,0.01262617723471756,0.2628125,0.009069660963894957,0.24444072053535396,0.02477280712834197,0.013056376135182696,0.00260565115833892,1.6712161453033851,0.3335233482673818,13.3,1.410043970945587,43.32,1.3174171093469218,0.9574920348373527,0.008483447925842191,0.020764846648999965,0.005041301356223498,2.6579003710719955,0.6452865735966078
1.2,0.1,50,0.334375,0.016676728733477676,0.251875,0.009875878125513701,0.34463360217197275,0.036299715772818354,0.025964146002696406,0.0047214974383386135,3.32341068834514,0.6043516721073425,19.1,2.247686810923622,32.12,1.3735876528274413,0.9795011708776882,0.005857244505882809,0.007970781756576667,0.0029191262686720236,1.0202600648418134,0.373648162390019
1.2,0.15,50,0.32203125,0.018532088935478915,0.23,0.010806869921489754,0.4048144734715979,0.040655853900389304,0.03341193327960581,0.005147529998024519,4.2767274597895435,0.6588838397471384,19.3,1.9948894706223699,25.74,1.2240964667868295,0.9869062253871861,0.0044765986377570035,0.0041324514241591346,0.0020552141402459573,0.5289537822923692,0.26306740995148253
1.2,0.2,50,0.32015625,0.021047751698518778,0.2278125,0.01138643655846727,0.42706122274539593,0.04010340077654255,0.032329605229043545,0.0052717764919667995,4.138189469317574,0.6747873909717503,20.7,2.6080613489716837,20.92,1.137834012499187,0.983935747413601,0.0063306859863102765,0.0040971097810202734,0.002270415453678966,0.524430051970595,0.29061317807090764
1.2,0.25,50,0.32890625,0.02010239899396338,0.23234375,0.010174203362548833,0.42369590356903375,0.03627710854120477,0.03186995352631839,0.006429066123184537,4.079354051368754,0.8229204637676207,21.7,2.4467578547947895,18.26,0.8904,0.9899083899063973,0.003982929101832947,0.002693695683346793,0.0019590206159704362,0.3447930474683895,0.25075463884421584
1.2,0.3,50,0.315625,0.020492567250103146,0.225,0.011467174619321013,0.4611774291800709,0.03498527622088432,0.0348806833049225,0.005117505720747323,4.46472746303008,0.6550407322556574,23.1,2.680405939405447,16.2,1.068411905586979,0.9920446958641962,0.004332932782294515,0.0012603550858423557,0.0010439438408601318,0.16132545098782153,0.13362481163009687
1.2,0.35,50,0.34796875,0.02071649120417113,0.221875,0.011042000781108466,0.42173774832818106,0.04002451173509571,0.031282193862063205,0.004685857969956323,4.00412081434409,0.5997898201544093,24.1,3.136,13.86,0.974802215836628,0.990860702654114,0.004336303972011521,0.0016730734248672043,0.001375474422149264,0.21415339838300215,0.17606072603510578
1.2,0.4,50,0.3421875,0.02370991683346865,0.2246875,0.012120882032674023,0.3943958482013983,0.03860218311663263,0.028148584382580402,0.005231384107548114,3.6030188009702915,0.6696171657661586,23.5,2.743428511917159,13.08,0.8922119927461186,0.9934419128445355,0.002776858643313953,0.0009080363445733087,0.0006406670417613662,0.11622865210538351,0.08200538134545488
1.2,0.45,50,0.33125,0.025288105529082245,0.226875,0.011315614212229047,0.4504990992451464,0.03911364084182529,0.03813790668812516,0.0067316063821605794,4.8816520560800205,0.8616456169165542,25.5,3.2291175265078227,12.5,0.817772584524573,0.9910905736732613,0.004142840921783336,0.0020993540093112114,0.001596258987258064,0.26871731319183506,0.2043211503690322
1.2,0.5,50,0.32421875,0.02128180065366885,0.22578125,0.012994928397744254,0.4179082064274207,0.039050441006857894,0.0297061140801961,0.0048314462905115554,3.8023826022651006,0.6184251251854791,21.1,3.180681687940496,11.66,0.8559211178607523,0.9943111105717225,0.0026419392133325975,0.0007904060605748338,0.0008233089209537855,0.10117197575357872,0.10538354188208454
1.2,0.55,50,0.3390625,0.024228969618000678,0.2334375,0.011245026678492143,0.41149123420220785,0.04165514693749023,0.024362098110981677,0.004763530767747467,3.1183485582056547,0.6097319382716758,22.6,2.4327794803475298,11.22,0.8424045583922252,0.9945732264893486,0.003111628632876036,0.0007264073704323537,0.0007718017744230392,0.09298014341534128,0.09879062712614901
1.2,0.6,50,0.3378125,0.0279403270381719,0.23984375,0.010538665786640165,0.42832274517275687,0.0321378873687606,0.030096329597799475,0.004911782608959524,3.8523301885183328,0.6287081739468191,23.7,2.664564504754951,11.34,0.7463142501654381,0.9958393227980707,0.0017324129261684397,0.000830130973216268,0.0010071338413762414,0.1062567645716823,0.1289131316961589
1.2,0.65,50,0.31484375,0.025360852737289802,0.23171875,0.011865932393305634,0.4386556737979411,0.04260155625568737,0.0319665436975209,0.005450215280629502,4.0917175932826755,0.6976275559205762,23.4,2.4838067557682497,11.04,0.8674759708487608,0.9931047669823145,0.0032055104086749346,0.0011474313136618103,0.0007359718186566198,0.1468712081487117,0.09420439278804733
1.2,0.7,50,0.33546875,0.025451860964623003,0.23734375,0.011980552274937077,0.4175754555324741,0.03469594234368007,0.029729339791614528,0.005243488214866272,3.8053554933266596,0.6711664915028828,22.8,3.65515307476992,10.14,0.7323164343369606,0.9955519725039834,0.0017783690166694724,0.0005365252012102241,0.0004975045169468714,0.06867522575490868,0.06368057816919954
1.2,0.75,50,0.3396875,0.02426938336155247,0.2390625,0.012963590841275421,0.43267367347167585,0.04509189048227899,0.031976048134299814,0.00471533650691633,4.092934161190376,0.6035630728852902,23.0,3.2078029864690873,10.24,0.8221898564200363,0.9918338388479708,0.006950624000164582,0.0021088474733856636,0.003081794651404181,0.26993247659336495,0.3944697153797352
1.2,0.8,50,0.3340625,0.02191241799756476,0.24734375,0.012631633467707173,0.4014598291167119,0.038857829582472095,0.027796148570972942,0.005035126279524805,3.5579070170845366,0.6444961637791751,23.8,2.8528413906139263,10.32,0.6468909027030755,0.9930602959270192,0.005773339881437185,0.0013806639212699502,0.001587502850261241,0.17672498192255362,0.20320036483343884
1.2,0.85,50,0.31046875,0.027710747153631563,0.25109375,0.013212282696888528,0.41789102994904886,0.04167943830157443,0.03038503834723854,0.005444381432630062,3.889284908446533,0.6968808233766479,24.9,3.5883723329665775,9.96,0.6811773337391666,0.9946064108385139,0.0031909058250811067,0.0009768796716580438,0.0012999335186642557,0.1250405979722296,0.16639149038902473
1.2,0.9,50,0.3309375,0.031095633736909108,0.25171875,0.011951760134494834,0.4439494887056465,0.041297049164245786,0.03328614113128853,0.005431470521212034,4.2606260648049314,0.6952282267151404,21.9,2.8505045167478684,10.04,0.7343477105567906,0.9899792185293249,0.005385962370806632,0.0019621991632301525,0.0015847780544321094,0.2511614928934595,0.20285159096731
1.2,0.95,50,0.34421875,0.02322218514292959,0.2409375,0.013642425783195597,0.4504609295789445,0.04164597797966219,0.03489218651144518,0.006371616090338176,4.4661998734649835,0.8155668595632866,22.2,2.9554261959994874,10.14,0.7039313602901918,0.9913189914598626,0.005014819649444333,0.0019961157679081448,0.0017720643197096171,0.25550281829224253,0.226824232922831
1.2,1.0,50,0.346875,0.024570211893673203,0.25703125,0.015488056134082804,0.41299185189216203,0.03776156019554397,0.030633042127064324,0.003567248084966887,3.9210293922642334,0.45660775487576155,21.6,3.4824841708182963,9.56,0.6629794566953037,0.9961125964859489,0.0015915100132728067,0.00037261634014806996,0.0003082308051014711,0.047694891538952955,0.0394535430529883
