variant,speed_ratio,seed,safe_frac,captured_frac,chi,chi_local,soc_branch_ratio,soc_topple_steps,soc_pred_entropy_mean,soc_pred_entropy_var,soc_entropy_fluct_mean
baseline,1.1,2,0.4375,0.0078125,0.6118800961278241,0.016803829712340346,0.0,0.0,0.0,0.0,0.0
baseline,1.1,1,0.40625,0.0,0.5911627823576779,5.752870983378189,0.0,0.0,0.0,0.0,0.0
baseline,1.1,0,0.3046875,0.0,3.174622162637467,1.778463609712609,0.0,0.0,0.0,0.0,0.0
baseline,1.1,3,0.34375,0.015625,0.6659989370427161,2.0001288459974287,0.0,0.0,0.0,0.0,0.0
baseline,1.1,4,0.3984375,0.0,0.24857037121457048,5.160882857408254,0.0,0.0,0.0,0.0,0.0
baseline,1.1,7,0.40625,0.0078125,2.51925080217214,0.09955824125136155,0.0,0.0,0.0,0.0,0.0
baseline,1.1,6,0.328125,0.0078125,0.7883329846100217,0.6834628448770403,0.0,0.0,0.0,0.0,0.0
baseline,1.1,5,0.3125,0.015625,2.258072912206466,2.289296726112792,0.0,0.0,0.0,0.0,0.0
baseline,1.1,9,0.3671875,0.0078125,1.9710902438609181,0.36809260390023807,0.0,0.0,0.0,0.0,0.0
baseline,1.1,8,0.40625,0.0,1.6626087842237511,4.778083340411108,0.0,0.0,0.0,0.0,0.0
baseline,1.1,10,0.3203125,0.0,1.1862904661783094,2.4157279769676405,0.0,0.0,0.0,0.0,0.0
baseline,1.1,11,0.421875,0.0078125,0.5077860520471783,6.109139864108941,0.0,0.0,0.0,0.0,0.0
baseline,1.1,12,0.3984375,0.0,1.2826940448248294,0.3362000399490335,0.0,0.0,0.0,0.0,0.0
baseline,1.1,13,0.3515625,0.0,0.5379122432910084,2.615606681325891,0.0,0.0,0.0,0.0,0.0
baseline,1.1,15,0.375,0.0234375,0.8510161262642404,1.9737632997894816,0.0,0.0,0.0,0.0,0.0
baseline,1.1,14,0.4140625,0.015625,3.3557803858486945,5.637837261964448,0.0,0.0,0.0,0.0,0.0
baseline,1.1,17,0.3984375,0.0,0.35300188739171545,0.27183690069622723,0.0,0.0,0.0,0.0,0.0
baseline,1.1,16,0.3515625,0.0078125,3.004179733726111,2.0593780391202166,0.0,0.0,0.0,0.0,0.0
baseline,1.1,18,0.359375,0.0078125,0.868443317197181,2.5867694488288238,0.0,0.0,0.0,0.0,0.0
baseline,1.1,20,0.375,0.0,0.13332354604338575,3.6510270165063865,0.0,0.0,0.0,0.0,0.0
baseline,1.1,19,0.3828125,0.0078125,1.1379581473523026,4.175316814194511,0.0,0.0,0.0,0.0,0.0
baseline,1.1,22,0.4296875,0.0078125,1.4829103148031868,2.336797830819833,0.0,0.0,0.0,0.0,0.0
baseline,1.1,23,0.421875,0.0,2.4963926250061936,0.8934231454122123,0.0,0.0,0.0,0.0,0.0
baseline,1.1,21,0.3515625,0.0078125,1.278374663563318,0.010470185532701964,0.0,0.0,0.0,0.0,0.0
baseline,1.1,24,0.4140625,0.0078125,0.38770330258538926,0.10087333282077024,0.0,0.0,0.0,0.0,0.0
baseline,1.1,25,0.3515625,0.0078125,5.387956594248408,1.5904406543825271,0.0,0.0,0.0,0.0,0.0
baseline,1.1,27,0.40625,0.015625,3.6389083389945722,0.20272889673274544,0.0,0.0,0.0,0.0,0.0
baseline,1.1,26,0.421875,0.0078125,0.49031442907823825,1.1018781186822963,0.0,0.0,0.0,0.0,0.0
baseline,1.1,28,0.3984375,0.0078125,0.6888666745048289,0.0020829161911680993,0.0,0.0,0.0,0.0,0.0
baseline,1.3,1,0.3046875,0.21875,3.4531701153443093,0.0007603257528767354,0.0,0.0,0.0,0.0,0.0
baseline,1.1,29,0.4609375,0.0,1.8536251336145688,0.8912995400824936,0.0,0.0,0.0,0.0,0.0
baseline,1.3,0,0.3046875,0.140625,1.291610031218876,1.3177955171829356,0.0,0.0,0.0,0.0,0.0
baseline,1.3,2,0.328125,0.2890625,0.5659261609229339,0.25847880183525346,0.0,0.0,0.0,0.0,0.0
baseline,1.3,3,0.34375,0.15625,1.4269315437075092,0.044583761672148614,0.0,0.0,0.0,0.0,0.0
baseline,1.3,4,0.3671875,0.171875,0.8424635487718234,4.842511265707221,0.0,0.0,0.0,0.0,0.0
baseline,1.3,5,0.3359375,0.25,2.4881202997449945,3.65826636744363,0.0,0.0,0.0,0.0,0.0
baseline,1.3,7,0.3046875,0.2109375,0.4524696267874129,0.9459955735443878,0.0,0.0,0.0,0.0,0.0
baseline,1.3,8,0.359375,0.2265625,1.9185439840724963,0.005558185579407939,0.0,0.0,0.0,0.0,0.0
baseline,1.3,6,0.3828125,0.140625,1.5639560051874917,0.007096870593758345,0.0,0.0,0.0,0.0,0.0
baseline,1.3,9,0.3828125,0.25,1.3303925634579585,0.004500592019412859,0.0,0.0,0.0,0.0,0.0
baseline,1.3,10,0.359375,0.203125,0.4498055113180043,1.1058247140174624e-05,0.0,0.0,0.0,0.0,0.0
baseline,1.3,11,0.2578125,0.203125,0.2661583850688678,1.593011428188852,0.0,0.0,0.0,0.0,0.0
baseline,1.3,12,0.3515625,0.2265625,1.4991523518116632,1.9113316548739905,0.0,0.0,0.0,0.0,0.0
baseline,1.3,13,0.265625,0.21875,0.937536238245599,1.3920421481005025,0.0,0.0,0.0,0.0,0.0
baseline,1.3,16,0.390625,0.2109375,2.414894739600194,5.557663067793323e-06,0.0,0.0,0.0,0.0,0.0
baseline,1.3,14,0.4296875,0.15625,3.93401048971731,1.7048069621635735,0.0,0.0,0.0,0.0,0.0
baseline,1.3,15,0.2734375,0.234375,3.6923985570515665,1.1572351544111714,0.0,0.0,0.0,0.0,0.0
baseline,1.3,17,0.359375,0.125,1.4163418950452138,0.7584553988024393,0.0,0.0,0.0,0.0,0.0
baseline,1.3,18,0.359375,0.2578125,4.877643760875478,1.9651565547569818,0.0,0.0,0.0,0.0,0.0
baseline,1.3,20,0.3125,0.2578125,1.5968877811547093,1.6964237406682026,0.0,0.0,0.0,0.0,0.0
baseline,1.3,19,0.359375,0.28125,0.3448109777860454,3.710210422986982,0.0,0.0,0.0,0.0,0.0
baseline,1.3,23,0.3671875,0.2265625,0.9940236359851561,3.3711871239308824,0.0,0.0,0.0,0.0,0.0
baseline,1.3,21,0.328125,0.21875,0.6766258776200661,2.4898980004661873,0.0,0.0,0.0,0.0,0.0
baseline,1.3,22,0.3125,0.1875,0.2541761360091826,1.4496573260351042,0.0,0.0,0.0,0.0,0.0
baseline,1.3,24,0.34375,0.2109375,0.9370903558121999,1.0780318459715148,0.0,0.0,0.0,0.0,0.0
baseline,1.3,25,0.390625,0.203125,1.064727696031517,0.2277823558545819,0.0,0.0,0.0,0.0,0.0
baseline,1.3,27,0.359375,0.203125,1.2635643903162588,1.0510597463294125,0.0,0.0,0.0,0.0,0.0
baseline,1.3,26,0.25,0.21875,0.32393815520506947,2.471625158093419,0.0,0.0,0.0,0.0,0.0
baseline,1.3,28,0.40625,0.1171875,1.005568865432445,0.49260100363802006,0.0,0.0,0.0,0.0,0.0
baseline,1.3,29,0.3125,0.1796875,2.909172201817388,0.05709036654011269,0.0,0.0,0.0,0.0,0.0
soc_v3_no_entropy,1.1,2,0.15625,0.25,0.9511008969024966,0.031074919990461053,1.0881623722675682,556.0,0.6257195671960186,0.04312723857829212,0.09300837434875117
soc_v3_no_entropy,1.1,3,0.234375,0.203125,2.782760469969946,0.0009983871509898757,1.0815633058307512,542.0,0.6235634391908322,0.039501567134727356,0.09073600880222543
soc_v3_no_entropy,1.1,0,0.1328125,0.171875,2.769952353763006,0.6320126233088871,1.054335019389041,491.0,0.5739480285920713,0.04047525305902298,0.08196280439276092
soc_v3_no_entropy,1.1,1,0.1640625,0.1484375,2.8473346783176368,0.2586081410417716,1.0716520593632883,504.0,0.5814079388850143,0.03843480773609782,0.08319740906118668
soc_v3_no_entropy,1.1,4,0.2734375,0.1875,1.2768235570146405,0.002382649621199345,1.0802310277176574,544.0,0.6100810670370801,0.041683293592679735,0.08832368916792731
soc_v3_no_entropy,1.1,5,0.140625,0.2109375,2.8680031542287683,0.015069857803221554,1.0613357935120622,507.0,0.5897531270747323,0.0402700520721154,0.08565534540759108
soc_v3_no_entropy,1.1,6,0.09375,0.21875,10.322961309771058,0.13772610624843115,1.060172036724011,568.0,0.6379011024383597,0.03986653829400686,0.09613283452262593
soc_v3_no_entropy,1.1,7,0.0625,0.1640625,2.1087354836756664,0.00017391732385310806,1.110465995743963,517.0,0.608928124156589,0.041764696706924294,0.08829800185060876
soc_v3_no_entropy,1.1,9,0.140625,0.2265625,3.872204593905878,0.00011105226122615618,1.0542585358089733,497.0,0.5558879476658543,0.03610857935941676,0.07681843353955078
soc_v3_no_entropy,1.1,12,0.1171875,0.1953125,3.330892996183972,0.016077213655059763,1.0742015316168616,496.0,0.6010965354582523,0.037835998162031044,0.08828467112658572
soc_v3_no_entropy,1.1,10,0.1953125,0.203125,5.934545037093213,0.03411446882733732,1.1119013072040067,527.0,0.5824873872070513,0.03956963416250013,0.08245940185156311
soc_v3_no_entropy,1.1,8,0.1796875,0.1171875,4.6080578575511675,0.0014158063057035652,1.067359599670453,515.0,0.6101734228821545,0.04271512820389551,0.08878268262488476
soc_v3_no_entropy,1.1,15,0.234375,0.2578125,4.174023029132698,0.21297652341493478,1.0718778265731452,530.0,0.6090029697377433,0.04149755827046147,0.09081341276263885
soc_v3_no_entropy,1.1,13,0.1953125,0.109375,3.1790253151271695,1.3562393907509769,1.06173607981279,512.0,0.578633925440266,0.040029737783951864,0.0830308594553488
soc_v3_no_entropy,1.1,14,0.2265625,0.1640625,4.549835493254791,0.0001738130083706867,1.0554312213960373,536.0,0.5932290309080556,0.04207827869492303,0.08740693069396786
soc_v3_no_entropy,1.1,11,0.078125,0.1328125,5.191145802325777,0.4119457394160761,1.09295459542081,507.0,0.5599242953127858,0.03687248719931424,0.07697569249587129
soc_v3_no_entropy,1.1,16,0.2578125,0.21875,3.0519029313138564,4.7150510407134114e-05,1.0771778162621342,523.0,0.5957373597539011,0.03898766882237171,0.08493269341171393
soc_v3_no_entropy,1.1,19,0.1484375,0.2109375,1.9474934178283747,0.09078886404802336,1.0453236857905566,511.0,0.5896194982845988,0.041836572091179525,0.08388592476290366
soc_v3_no_entropy,1.1,18,0.15625,0.234375,5.692081438450633,6.569545560108819e-05,1.0873031723621278,495.0,0.6251878719400069,0.037316743758251454,0.09058594542238546
soc_v3_no_entropy,1.1,17,0.1171875,0.0703125,9.147550094305362,0.0022801270395282373,1.0862186972958336,421.0,0.5858843343512257,0.04066222433537996,0.08491409040121697
soc_v3_no_entropy,1.1,21,0.140625,0.2109375,4.654341983965741,0.000423671732109894,1.0767412284995364,583.0,0.6507077927471665,0.0395345423216632,0.09796008354162483
soc_v3_no_entropy,1.1,22,0.15625,0.1640625,3.4521352800625293,3.410789594341168e-05,1.0562918436696223,499.0,0.5846733264996993,0.041369310745689725,0.08192879057740331
soc_v3_no_entropy,1.1,20,0.1015625,0.171875,2.2080831520607105,0.4158304327442439,1.10775969904282,570.0,0.6579358487278713,0.03764678610069602,0.09827289192480639
soc_v3_no_entropy,1.1,23,0.1171875,0.1171875,3.6694392850875017,0.0004911479755773045,1.0997599504055544,453.0,0.625068045116148,0.03979099406423736,0.09195301703130974
soc_v3_no_entropy,1.1,24,0.1796875,0.1484375,5.874299949104362,3.465888065108019e-05,1.0792587990241476,518.0,0.5678665312703521,0.0437224417056049,0.07826511106598623
soc_v3_no_entropy,1.3,1,0.0390625,0.609375,3.181821018076577,0.0021822625220951674,1.0916721299614887,525.0,0.5873434433707998,0.04063078218031844,0.0866037946532324
soc_v3_no_entropy,1.1,27,0.15625,0.1640625,7.035717606081487,2.6303477373209954,1.0970319678979952,447.0,0.5931376965331357,0.03831589653487954,0.08484460337137634
soc_v3_no_entropy,1.3,0,0.203125,0.2734375,4.691825762632368,5.534426526812151e-09,1.0630567968790667,468.0,0.5598830203535679,0.03842772906266486,0.07718429988092773
soc_v3_no_entropy,1.1,25,0.1328125,0.1875,5.793363012786702,0.09953098954982183,1.09372186061126,558.0,0.6223516609902261,0.039700443285651206,0.0901184303905314
soc_v3_no_entropy,1.1,26,0.125,0.171875,1.593649983084819,3.7452160337257516,1.083551028940555,540.0,0.6042843033109061,0.039218584976922065,0.08788322104423872
soc_v3_no_entropy,1.1,29,0.125,0.2734375,3.1015738667784563,0.06755461011216748,1.06131203826669,571.0,0.6326974810604171,0.04051020362775551,0.09371720899137789
soc_v3_no_entropy,1.1,28,0.1875,0.15625,6.3091413258056885,0.018356854947804063,1.067245898506934,528.0,0.6181185399052009,0.045397031524265,0.09147447443479474
soc_v3_no_entropy,1.3,2,0.1171875,0.59375,4.949095972091778,3.4875283087341845e-05,1.0746057605918486,553.0,0.6029292137226098,0.043040636944120636,0.08798834652340146
soc_v3_no_entropy,1.3,4,0.1328125,0.5078125,1.4397156199279304,2.464327265682777e-08,1.091614164347416,501.0,0.554032919994357,0.041477791321855806,0.07551941329957744
soc_v3_no_entropy,1.3,7,0.1875,0.421875,1.220525240308489,0.0034222324934128773,1.0922765865261193,509.0,0.6014949821566865,0.0445713442022,0.08573879366890287
soc_v3_no_entropy,1.3,9,0.203125,0.4140625,5.091886365130997,2.051131689087412e-12,1.0691593814862823,462.0,0.5250021253947327,0.033876802759563486,0.06996436703487725
soc_v3_no_entropy,1.3,3,0.078125,0.515625,3.7197814658092354,0.03187037884259672,1.064444235934247,531.0,0.5465689810309182,0.03891762985817746,0.07486834709731345
soc_v3_no_entropy,1.3,5,0.1171875,0.421875,4.384842314103842,2.620063140168017e-05,1.0752796235750781,529.0,0.5632959517494776,0.03726081942628278,0.08111687866213373
soc_v3_no_entropy,1.3,8,0.1640625,0.453125,2.8737199029634795,0.0005883567509632301,1.066688968132046,461.0,0.5705035692635411,0.041575078111328274,0.08322618992843592
soc_v3_no_entropy,1.3,6,0.046875,0.3671875,7.238323207385414,0.001013406794075286,1.0793516140929744,476.0,0.6020568254719295,0.0368342711244345,0.08971925736381618
soc_v3_no_entropy,1.3,10,0.09375,0.453125,5.443653201183516,0.006828042673316518,1.1270944664120581,522.0,0.5663899593358817,0.04174025183575249,0.07800587526660277
soc_v3_no_entropy,1.3,12,0.1796875,0.5234375,0.7075967021960047,0.09778234141659606,1.0724116683288125,504.0,0.6211105662065177,0.04199608710393052,0.09378035485373232
soc_v3_no_entropy,1.3,11,0.0625,0.609375,1.2389718822631441,4.422730262466725e-08,1.0608824839721265,529.0,0.5696215276826058,0.03975517280832436,0.08385061814652076
soc_v3_no_entropy,1.3,14,0.2265625,0.3671875,6.340592299193302,8.305789881048863e-08,1.102283671506909,384.0,0.5226172785328845,0.0324165344111712,0.07279988584360575
soc_v3_no_entropy,1.3,13,0.109375,0.59375,4.372831472752685,0.0008591576025728794,1.088972053492799,561.0,0.5995781709063593,0.04192870224882308,0.09034831009189247
soc_v3_no_entropy,1.3,15,0.2265625,0.4296875,9.315035736198482,1.7323859939438932e-05,1.0871066290042222,487.0,0.612230741061084,0.040465816298654485,0.08981871635100523
soc_v3_no_entropy,1.3,16,0.171875,0.453125,4.288654071580953,5.356629842464051e-22,1.0869924449493018,471.0,0.5450328118247207,0.03140758527120444,0.07448117692687369
soc_v3_no_entropy,1.3,17,0.1484375,0.421875,3.3671935897361034,0.5582860836803388,1.0665770083943322,477.0,0.5548784888619972,0.03699592555117297,0.07543831746902865
soc_v3_no_entropy,1.3,21,0.109375,0.5703125,1.2482746996504361,1.8449462689219087e-05,1.0648483757190594,511.0,0.5961009735689315,0.04110445244984326,0.08826944335038284
soc_v3_no_entropy,1.3,18,0.1015625,0.34375,3.744024730521334,5.036683140078128e-09,1.0601219915671622,487.0,0.5821561540319171,0.037315689782133316,0.08123561293411373
soc_v3_no_entropy,1.3,20,0.1328125,0.4609375,0.8209612700236911,3.780034905376013e-09,1.09589188835653,452.0,0.594647536535609,0.03840874466952929,0.08687327484366869
soc_v3_no_entropy,1.3,19,0.0859375,0.4140625,3.2594504729155016,0.18541405306100697,1.1019437791055247,485.0,0.5416551755270391,0.03715338076852828,0.0741839875268162
soc_v3_no_entropy,1.3,23,0.125,0.625,4.4276238867028574,0.010948536313429243,1.0691430091481289,562.0,0.6136375971909812,0.04286276751893014,0.09202409301556978
soc_v3_no_entropy,1.3,22,0.125,0.3984375,1.4105251943383252,0.0076904067329017275,1.0936090567750039,449.0,0.5704625608380516,0.041667558786836416,0.08019907239706502
soc_v3_no_entropy,1.3,24,0.1640625,0.5,1.3653099910648228,0.0017037855218221642,1.0789145289366888,549.0,0.6166799356808256,0.04337431111906445,0.08813599380063372
soc_v3_no_entropy,1.3,25,0.078125,0.2890625,6.7643028463613195,7.773754385370295e-09,1.1282134983082082,387.0,0.5625598038751053,0.03627483215852551,0.07873724464082206
soc_v3_no_entropy,1.3,27,0.0703125,0.5234375,5.865398625518923,6.710644010634142e-17,1.0781240045905802,487.0,0.5681081773170474,0.03671070634395088,0.08079211394215403
soc_v3_no_entropy,1.3,26,0.1484375,0.3828125,6.46016206535846,4.499018576244635e-06,1.062638569175571,466.0,0.543426284437659,0.03441865621684263,0.07335825484896899
soc_v3_no_entropy,1.3,29,0.0859375,0.625,0.5219575825985135,4.975540563946512e-05,1.0728996142310256,545.0,0.5880312642806219,0.04276457101936954,0.08708351792695952
soc_v3_no_entropy,1.3,28,0.09375,0.4609375,4.573040968099846,1.3602586674630313,1.082295545037532,511.0,0.5601874281896384,0.0404555798653411,0.08032433036528909
soc_v3_entropy_mid,1.1,1,0.5078125,0.0390625,1.8981494247805408,0.05325389405829463,1.0326327371696413,600.0,0.6690861988985879,0.03931115052386344,0.08074437753944948
soc_v3_entropy_mid,1.1,3,0.3984375,0.0390625,1.21208102453434,4.809753472788955,1.0538512945809095,598.0,0.6450536052063721,0.03974802887803244,0.07384935430766619
soc_v3_entropy_mid,1.1,0,0.4296875,0.046875,1.4961297740256012,0.10263019335490259,1.0221539378605453,600.0,0.6699743350845329,0.040845414915790856,0.07942225011986785
soc_v3_entropy_mid,1.1,5,0.4453125,0.0703125,2.956646632848909,0.014959655010116023,1.0339263315921203,600.0,0.6499589731606554,0.039886903237629834,0.07691324589980318
soc_v3_entropy_mid,1.1,7,0.4296875,0.03125,1.7544785466863626,1.2702101183997443e-05,1.038410329805992,600.0,0.6459624930879173,0.041332042696614515,0.07596825109092838
soc_v3_entropy_mid,1.1,4,0.328125,0.03125,1.8330039130273685,0.17088745547315146,1.0288430828935824,600.0,0.6470354076878096,0.04110319031523655,0.07803302664101555
soc_v3_entropy_mid,1.1,6,0.3515625,0.015625,3.3599417224499497,1.2821235855287578,1.0248842903627289,600.0,0.65270019358504,0.041015510027025866,0.07955737785410152
soc_v3_entropy_mid,1.1,2,0.328125,0.0234375,1.3506695510296247,0.9605281706867885,1.030037240063785,600.0,0.660111996426701,0.036435045785612165,0.07752034841259584
soc_v3_entropy_mid,1.1,9,0.40625,0.0390625,1.7993927538273216,0.24606318795525023,1.0432781673956917,600.0,0.6530821053450062,0.037352893800403804,0.07519135829945081
soc_v3_entropy_mid,1.1,12,0.4921875,0.046875,0.7018391063770143,0.04446287259580178,1.0281971013958635,600.0,0.6535546105577476,0.042447775975838264,0.07699503771988274
soc_v3_entropy_mid,1.1,14,0.421875,0.0234375,1.4743972837858246,1.639574922841189,1.0309798312772174,600.0,0.6482751484600174,0.03893399014428487,0.07663066398485661
soc_v3_entropy_mid,1.1,10,0.3828125,0.03125,1.6824657686351219,1.3951138250064856,1.0256721738069594,600.0,0.6675418019301672,0.040017101178877655,0.07943707022040404
soc_v3_entropy_mid,1.1,11,0.4140625,0.0234375,1.5042126116445056,0.2887752225076434,1.0272139415696813,600.0,0.6578277394026113,0.04357201144519124,0.07834584761495732
soc_v3_entropy_mid,1.1,8,0.1640625,0.03125,2.8372305223506125,0.0005890263239005054,1.023446874291166,600.0,0.6556171911859398,0.04178597776971254,0.07825154970028023
soc_v3_entropy_mid,1.1,13,0.4921875,0.015625,1.2652030052204162,0.3058139988927374,1.0268109185696461,600.0,0.6701796736712279,0.038754654345795204,0.0809240705492143
soc_v3_entropy_mid,1.1,15,0.4375,0.0234375,3.3124782789622134,1.821518876055364,1.027424113904547,600.0,0.67025791124247,0.04126603972973635,0.07858259223898421
soc_v3_entropy_mid,1.1,19,0.46875,0.015625,1.154482534038032,0.0007833478868425887,1.0212477540131046,600.0,0.681445341544089,0.03797751883811819,0.08267152647572257
soc_v3_entropy_mid,1.1,16,0.34375,0.046875,3.3178171019630347,0.11632172166810818,1.028010853857305,600.0,0.6684207278842077,0.03980630449440395,0.07826093218038425
soc_v3_entropy_mid,1.1,21,0.453125,0.046875,0.296419170856502,1.1956386466519628,1.0239804174870588,600.0,0.6582618061685132,0.04124918074552248,0.0802187395045095
soc_v3_entropy_mid,1.1,20,0.328125,0.0234375,2.8847902659369864,1.2604755081535883,1.0287899201354862,600.0,0.6549437219717233,0.038122700182725414,0.07776125138071054
soc_v3_entropy_mid,1.1,22,0.3828125,0.03125,6.332250018694914,3.7331389193851896,1.0239783762182046,600.0,0.6818192698821669,0.038608683243801435,0.08098794985749407
soc_v3_entropy_mid,1.1,17,0.25,0.0390625,0.4388276663252415,0.9437028443807911,1.0281510806741287,600.0,0.6563643912358077,0.03930983448042077,0.07752677619320163
soc_v3_entropy_mid,1.1,18,0.2578125,0.046875,4.60040969601807,0.010946459677436461,1.0348649022910168,600.0,0.6303573775423356,0.037810281215551515,0.07139271666742117
soc_v3_entropy_mid,1.1,23,0.2421875,0.046875,1.0599690505510353,0.41980152423110223,1.0286868571467354,600.0,0.674580986252947,0.04125350916505368,0.07932475974124772
soc_v3_entropy_mid,1.3,0,0.375,0.28125,1.8401048132763038,1.1939236914353886,1.0426491084396752,600.0,0.6527411265028875,0.03898651374798073,0.07561360874183667
soc_v3_entropy_mid,1.1,28,0.515625,0.0078125,2.899543454521109,0.09779013627769505,1.0266938116930553,600.0,0.669802064266486,0.03924761439619914,0.08028454867480184
soc_v3_entropy_mid,1.1,25,0.4140625,0.0390625,3.292560026591825,0.13863743513644589,1.0261036244540698,600.0,0.6637750327209713,0.04102474179245841,0.07996699865013837
soc_v3_entropy_mid,1.3,1,0.296875,0.3671875,4.637767222824716,1.6512062392721788e-06,1.0636852677162516,599.0,0.603846828024925,0.04159858009972934,0.06824343283933279
soc_v3_entropy_mid,1.1,29,0.375,0.0546875,1.3657205001310195,0.03759593391758621,1.0417924589276581,600.0,0.6705091883079368,0.037842905103999874,0.07891330968316086
soc_v3_entropy_mid,1.1,27,0.4375,0.0625,4.048988220564463,1.1037756901243871,1.0342097961465346,600.0,0.6377054171043196,0.042024658266712735,0.0749420138174937
soc_v3_entropy_mid,1.1,24,0.3046875,0.0078125,0.8766749908653291,0.3323550874765354,1.036406078317878,600.0,0.6429717697292908,0.03885415241335385,0.07481210845157563
soc_v3_entropy_mid,1.1,26,0.296875,0.046875,4.579696159666943,0.00022675495482321308,1.024666107015625,600.0,0.6628817039895663,0.038725495684958,0.07809793419138453
soc_v3_entropy_mid,1.3,2,0.328125,0.2578125,3.1338744292623346,0.07111175429975011,1.0764052663153767,599.0,0.6260633448879896,0.03762760529442806,0.0714909943097168
soc_v3_entropy_mid,1.3,7,0.40625,0.296875,2.8849484044834934,0.010609671703723109,1.066426907883699,593.0,0.6276347111415999,0.03835756758900488,0.07248500025199327
soc_v3_entropy_mid,1.3,4,0.3828125,0.3125,2.065265772639998,9.815686419005007e-05,1.0493798959842815,600.0,0.6239028647649317,0.04292742624588452,0.07152235982087918
soc_v3_entropy_mid,1.3,5,0.34375,0.359375,4.395168362554767,0.008847867152135086,1.0577727179256426,599.0,0.6247916764718479,0.037362321288526935,0.07352054885049275
soc_v3_entropy_mid,1.3,3,0.328125,0.2734375,2.4874532007635923,0.43551356511583067,1.0351711856691472,600.0,0.6255952208718365,0.04201797434222487,0.07439270121021825
soc_v3_entropy_mid,1.3,9,0.34375,0.3671875,3.855897752849005,5.293338460701222,1.0516685762592295,600.0,0.6201703264721997,0.04015230118710684,0.07423544490071608
soc_v3_entropy_mid,1.3,6,0.1875,0.40625,2.834772995743549,0.5921429404211694,1.033717453053449,600.0,0.6633033180608363,0.03896915473085701,0.08097657940328284
soc_v3_entropy_mid,1.3,8,0.1640625,0.3828125,1.5983294430435153,0.6984716172582526,1.028352910323808,600.0,0.6648856785372396,0.042480591116416236,0.08053021532496017
soc_v3_entropy_mid,1.3,11,0.3125,0.328125,0.4175980228192158,0.03139453363210853,1.056056955339716,600.0,0.6198766497248489,0.04227361474292813,0.07355745488581504
soc_v3_entropy_mid,1.3,10,0.21875,0.3671875,3.025032411587585,0.011589149041443442,1.055561040260746,600.0,0.6188724808541667,0.04164616307200981,0.07336230466635467
soc_v3_entropy_mid,1.3,14,0.3671875,0.3046875,0.7131256777102369,2.1639228128410206e-06,1.0683870802734294,600.0,0.6447645002630589,0.04059578781611885,0.07557628259796162
soc_v3_entropy_mid,1.3,12,0.3125,0.3203125,2.0588455377654302,0.00709593852750367,1.0673717338671325,600.0,0.5843890068490984,0.040154503556578,0.06564339251147298
soc_v3_entropy_mid,1.3,15,0.34375,0.3359375,0.7028023358833141,0.010454931921523183,1.048445203499157,600.0,0.631466049042643,0.03999986305336279,0.07268284513486924
soc_v3_entropy_mid,1.3,16,0.3046875,0.375,2.583016786028,0.2928904399787307,1.0337497494505323,600.0,0.6503773939054499,0.039852403978891664,0.07683549270658135
soc_v3_entropy_mid,1.3,17,0.359375,0.2578125,1.872285604113816,1.4712453908905618,1.048057405250422,600.0,0.6331924273217394,0.04086169063452352,0.07501737064849422
soc_v3_entropy_mid,1.3,13,0.1953125,0.2578125,4.2590320136898345,0.04658892546101091,1.0649125391945826,599.0,0.622693827313084,0.03789003303482347,0.07368889455264266
soc_v3_entropy_mid,1.3,19,0.3515625,0.3203125,3.2719938863247235,7.272493547676688e-05,1.0744579686812692,591.0,0.6148375624136597,0.04059682765801386,0.06848504129391571
soc_v3_entropy_mid,1.3,18,0.2578125,0.40625,2.168335691906522,0.034879124624834286,1.0231631127773197,600.0,0.6535725744293621,0.04118808883673877,0.0754871197896601
soc_v3_entropy_mid,1.3,21,0.2734375,0.2734375,3.4429470217298443,0.0867661761670762,1.031711004732003,600.0,0.6573515745064316,0.04054924357776874,0.07905046578007024
soc_v3_entropy_mid,1.3,23,0.40625,0.3515625,2.758090589639542,0.00659963765625318,1.0381419565002659,600.0,0.6485532920285252,0.042261193009699764,0.07720888925994047
soc_v3_entropy_mid,1.3,22,0.1953125,0.4453125,1.6462842897382397,0.5950724460888889,1.073906235807294,600.0,0.6322804289030307,0.04194637201612979,0.07304048778984808
soc_v3_entropy_mid,1.3,20,0.203125,0.3828125,3.335100416427174,0.06719566264698676,1.0303252592603518,600.0,0.6561585970185233,0.04056073742053311,0.07752365228692415
soc_v3_entropy_mid,1.3,24,0.359375,0.34375,1.0576622302413365,1.7665704311125665,1.0372226082510154,600.0,0.660371362794267,0.04087779484556087,0.07941059587494542
soc_v3_entropy_mid,1.3,25,0.203125,0.390625,4.060134084752156,0.07219039628405947,1.0334597734513382,600.0,0.6565860395391815,0.03871503692706506,0.07844205292489383
soc_v3_entropy_mid,1.3,26,0.34375,0.34375,3.2669771226630973,0.3717534153500874,1.0415325758797507,600.0,0.6607284529687193,0.039791624681308126,0.07744549848510314
soc_v3_entropy_mid,1.3,27,0.2890625,0.34375,4.04865361674359,1.5049209526607417e-07,1.0288548585043045,600.0,0.621307988229983,0.04300173994834134,0.07305937979427123
soc_v3_entropy_mid,1.3,29,0.1953125,0.3359375,0.9991254937013152,0.10157640150534616,1.0317994748002206,600.0,0.6647285980236759,0.03792075860078344,0.07775417135682479
soc_v3_entropy_mid,1.3,28,0.2734375,0.2890625,1.328213535001854,4.422325062671779e-05,1.030689609245154,600.0,0.6517814165768264,0.04044673273757628,0.07954189472608815
soc_v3_entropy_high,1.1,1,0.3984375,0.046875,1.8032440537916867,1.4710884538101268,1.027872013323231,600.0,0.6836715889666256,0.028540734408577854,0.059189075960738184
soc_v3_entropy_high,1.1,0,0.34375,0.046875,4.925730157201615,0.0032518918669492847,1.0387417304099407,600.0,0.6706088089584819,0.02922995231574776,0.05615645475337554
soc_v3_entropy_high,1.1,3,0.375,0.0234375,2.1433190231955113,0.622738198937005,1.0385153208049003,600.0,0.6507622035415606,0.028205855955999837,0.05364056162759232
soc_v3_entropy_high,1.1,2,0.390625,0.0390625,1.5474841606786283,2.2752554504382068,1.0226366631346124,600.0,0.7158217211416543,0.02838851256104501,0.06331638179818612
soc_v3_entropy_high,1.1,4,0.3125,0.0234375,5.579698415910394,0.45220195081982195,1.0295082439675394,600.0,0.693290768856732,0.032173660910323525,0.06021051971564
soc_v3_entropy_high,1.1,6,0.40625,0.0546875,2.874304397894632,0.08588733474689414,1.021984141246032,600.0,0.7044289555388441,0.029861034548462104,0.062380558726821994
soc_v3_entropy_high,1.1,5,0.328125,0.046875,7.400692639421198,1.0138373023800165,1.0332315486360943,600.0,0.6844297965215658,0.029160743004331014,0.05855153190078217
soc_v3_entropy_high,1.1,7,0.265625,0.0703125,5.1017006986467415,0.0001068211775109509,1.0379675683398681,600.0,0.6533137395103723,0.025742714471142437,0.051691946186444265
soc_v3_entropy_high,1.1,8,0.34375,0.0546875,3.491155205976111,0.01593872820842998,1.0218360609809458,600.0,0.6906529225446296,0.030247961560498932,0.05989048017534626
soc_v3_entropy_high,1.1,14,0.4765625,0.0546875,1.3634904812401187,0.060093216420011655,1.0293623712523128,600.0,0.6920521902686386,0.03170771281113456,0.059769490277079056
soc_v3_entropy_high,1.1,12,0.390625,0.09375,2.906874842829703,1.1743679732508707,1.0222304310205919,600.0,0.6976440933821823,0.02833884326739107,0.06314417382157682
soc_v3_entropy_high,1.1,9,0.34375,0.0390625,2.878885995955713,0.7823488507430366,1.0211733273770363,600.0,0.6879172434343744,0.030188985167039335,0.059677069165150295
soc_v3_entropy_high,1.1,10,0.4453125,0.0546875,4.447578385443668,0.05964858031426453,1.020686874303194,600.0,0.6703958683668875,0.03104766276932974,0.05665540672728319
soc_v3_entropy_high,1.1,13,0.34375,0.0390625,1.5511233693231212,1.3712093890949903,1.0196183941201258,600.0,0.7089816374002756,0.02928659099407414,0.06285757526898385
soc_v3_entropy_high,1.1,11,0.3359375,0.046875,2.0760184948024416,0.0145254501086889,1.0281242361606526,600.0,0.701931642185961,0.0301124103070013,0.062151194145771915
soc_v3_entropy_high,1.1,15,0.2734375,0.0546875,1.1382954275992292,1.0600950226977404,1.0313806541518542,600.0,0.6943653318827705,0.029026446534083844,0.06101092721626432
soc_v3_entropy_high,1.1,16,0.5546875,0.0703125,2.5261888033315936,0.0029529535420449705,1.0348487215087023,600.0,0.6850615687976432,0.029694189568524123,0.05849150920092036
soc_v3_entropy_high,1.1,18,0.3671875,0.0703125,1.8196389590461175,1.5507703229237948,1.049685179371202,600.0,0.6656282883227584,0.029939889777824663,0.055495122568213956
soc_v3_entropy_high,1.1,19,0.3515625,0.03125,3.6945988580094205,0.4125515426407577,1.029747096463498,600.0,0.6850587943082436,0.02905983601242479,0.05884548343841793
soc_v3_entropy_high,1.1,17,0.2890625,0.0234375,5.264501817791396,0.02461238496847642,1.0404635601698469,600.0,0.6800599987199305,0.027335634513948222,0.058679629794978067
soc_v3_entropy_high,1.1,21,0.390625,0.0390625,0.6836451725252765,0.360171226467781,1.0292395142813693,600.0,0.6868714296258406,0.029052669665546454,0.05892451298419317
soc_v3_entropy_high,1.1,20,0.3984375,0.1015625,2.1906485883762694,2.038011840231495,1.0236430581118752,600.0,0.6995264073821882,0.030471010659815258,0.06173140889648516
soc_v3_entropy_high,1.1,23,0.421875,0.0703125,1.7673562092594175,1.3335774756572985,1.0277797743909494,600.0,0.7039079149336381,0.030333152184476547,0.061073269134026636
soc_v3_entropy_high,1.1,22,0.2890625,0.015625,3.503020834028452,0.02105491495238147,1.026362584335574,600.0,0.6901789350568056,0.02872528448827823,0.059383428882986436
soc_v3_entropy_high,1.1,24,0.46875,0.0859375,1.6720470666551517,0.4032458860227388,1.0287128594374935,600.0,0.685398271396559,0.02764876207979486,0.06064029060934381
soc_v3_entropy_high,1.1,25,0.3828125,0.046875,0.6942658385616512,0.15714111960632793,1.0259186950290597,600.0,0.7039058880018018,0.030801692364103975,0.06283321073782425
soc_v3_entropy_high,1.1,26,0.296875,0.046875,1.3052404768941732,0.07227458065564801,1.0195347276538638,600.0,0.6980057222842204,0.029806049759095943,0.05952431246463893
soc_v3_entropy_high,1.1,28,0.3046875,0.0546875,1.7002605731174096,1.8883862413150652,1.0256614826293593,600.0,0.6679606599861874,0.02873134258399988,0.056406662550149846
soc_v3_entropy_high,1.1,27,0.4453125,0.09375,2.197286220511024,0.6812968836330989,1.0171666277378324,600.0,0.7002530121779409,0.029764605473701373,0.06303331660726018
soc_v3_entropy_high,1.3,1,0.1875,0.390625,3.2299784031340795,0.1552860745764043,1.0253806560919672,600.0,0.7001433248536288,0.030636991641554468,0.062491279592615134
soc_v3_entropy_high,1.3,0,0.3671875,0.3515625,8.313057913770264,3.332561222171889e-07,1.0567716698577834,600.0,0.6751729285300568,0.029478604476640306,0.056572817835701984
soc_v3_entropy_high,1.1,29,0.3203125,0.046875,3.0926351393221676,0.03581324910670741,1.0251602295466902,600.0,0.6931757064413311,0.030537051098694583,0.060361762410356096
soc_v3_entropy_high,1.3,3,0.296875,0.4375,1.8603950753523077,0.012363629456356898,1.030754915494645,600.0,0.6912724690416834,0.031196615513660746,0.060458956708078326
soc_v3_entropy_high,1.3,2,0.328125,0.1875,2.6696513618360544,0.24511698926297176,1.0345264080647172,597.0,0.6547251453368665,0.027967793270904748,0.053685791944628414
soc_v3_entropy_high,1.3,6,0.3359375,0.3203125,5.837587304923222,0.052221753992735126,1.076503793505753,591.0,0.6689650740137449,0.028491142627129977,0.05525198540406073
soc_v3_entropy_high,1.3,4,0.25,0.296875,1.7054736832091988,2.7052073508619645,1.0276072033643109,600.0,0.6642133493762888,0.03048860668650227,0.05695225147766108
soc_v3_entropy_high,1.3,7,0.296875,0.3359375,1.9347350624378226,4.928152845857947e-05,1.0232173747199298,600.0,0.6959175984643434,0.031419652782004155,0.0604065027965234
soc_v3_entropy_high,1.3,5,0.3046875,0.328125,2.3006088780939193,2.9638397596954724e-07,1.0404517525671462,600.0,0.6813025715630725,0.029758549895238507,0.057948302715526596
soc_v3_entropy_high,1.3,8,0.3828125,0.3125,3.2456220893857792,0.05459047141677132,1.0382674037368063,600.0,0.683809196693247,0.0308974343788321,0.059046296275279415
soc_v3_entropy_high,1.3,9,0.328125,0.3828125,6.536861921540884,2.6060780355536004e-07,1.0878414764799107,592.0,0.630828808042029,0.02629093749617146,0.04584549660395737
soc_v3_entropy_high,1.3,11,0.296875,0.40625,0.3296675559462285,0.002242791042464536,1.0347674496185997,600.0,0.6660013758774046,0.030248079843704645,0.05569551664407593
soc_v3_entropy_high,1.3,10,0.25,0.359375,5.988046073189443,0.001170670361319488,1.02738761338825,600.0,0.6740791054302984,0.029532889922730128,0.057291183387465534
soc_v3_entropy_high,1.3,14,0.2421875,0.3828125,2.63195877174713,5.286642244141649e-07,1.0540598106302999,599.0,0.6681096149067033,0.02885900186806128,0.054633447783114616
soc_v3_entropy_high,1.3,13,0.1953125,0.4296875,0.7485257787468679,2.5375980986890974,1.0269988555640752,600.0,0.7046874516419163,0.030682891246530727,0.061354777888836365
soc_v3_entropy_high,1.3,15,0.296875,0.3125,1.3345119461074917,0.026782345421551893,1.0405263298664873,600.0,0.6878339710670829,0.02858367551067523,0.060085089754203076
soc_v3_entropy_high,1.3,16,0.2265625,0.34375,3.11758259924913,0.0022701740124653385,1.0349591911611173,600.0,0.6698931884038715,0.02935579395317652,0.05727084904896877
soc_v3_entropy_high,1.3,12,0.15625,0.2421875,2.4056206670643823,0.2848958807014952,1.041069125904372,599.0,0.6810266926068924,0.02995329839042353,0.05909221263549677
soc_v3_entropy_high,1.3,17,0.2578125,0.296875,4.391419222646981,0.009243227947640419,1.0684301407024634,600.0,0.668152494480257,0.027461668161398903,0.055725454760841064
soc_v3_entropy_high,1.3,18,0.3125,0.40625,6.151363679422553,0.857827213018607,1.052794424215481,600.0,0.6589971149872415,0.0291629686260841,0.055548772252543725
soc_v3_entropy_high,1.3,19,0.234375,0.3203125,1.3801490116839878,1.3763835442130339,1.0410725594003747,600.0,0.672152192894649,0.029726038960534336,0.0561913259329174
soc_v3_entropy_high,1.3,22,0.359375,0.2109375,1.1632342996499505,1.349584875475977,1.0394156300629012,600.0,0.6341177673718131,0.029613340506597308,0.05099111269661018
soc_v3_entropy_high,1.3,20,0.3046875,0.265625,3.4052409027394215,0.9561489962829564,1.042252960086992,600.0,0.6572464059262363,0.02733581352363166,0.05307310442088588
soc_v3_entropy_high,1.3,21,0.3125,0.390625,0.9561997628408602,0.0038911324730604895,1.032639760823341,600.0,0.6908455120600069,0.03113011011661774,0.059381554591660925
soc_v3_entropy_high,1.3,25,0.265625,0.3828125,8.127403991393916,1.929596620244107e-11,1.0455676803026845,579.0,0.673231903703293,0.02624989387752471,0.05268731202190022
soc_v3_entropy_high,1.3,24,0.359375,0.2890625,0.6950247501235406,5.955880786915931e-07,1.0529357950190732,596.0,0.6689582392669033,0.028514653170914592,0.055567011998004776
soc_v3_entropy_high,1.3,23,0.21875,0.3359375,3.2206404483013245,0.001191725699430726,1.0412072550075464,600.0,0.6833252286797273,0.028259172483913044,0.058983788942271784
soc_v3_entropy_high,1.3,26,0.1484375,0.421875,4.584552707699112,0.000437708698281844,1.0263701001293062,600.0,0.6878813997922612,0.030552518892809265,0.05965542161135083
soc_v3_entropy_high,1.3,28,0.359375,0.390625,2.3478541946015965,0.013490828994073311,1.0785841364464221,595.0,0.6369924457706916,0.02706459722243469,0.04986246927601721
soc_v3_entropy_high,1.3,29,0.3125,0.4140625,3.178806973257394,0.1294126379556313,1.051571077965248,597.0,0.666610596323207,0.026482764866348932,0.05464054034661956
soc_v3_entropy_high,1.3,27,0.15625,0.28125,4.241152737537877,0.003279222218895594,1.0293311109157504,600.0,0.6889698038409507,0.029916803286683287,0.06022260075986759
