variant,speed_ratio,w_align,n,safe_mean,safe_ci95,chi_mean,chi_ci95,chi_local_mean,chi_local_ci95,tau_P_ar1_mean,tau_P_ar1_ci95
p0_nearest,1.0,0.0,60,0.35572916666666665,0.012018926126988138,0.4043900830286579,0.10782569072384564,4.533535254885951,0.5324608830898702,183.97904360667835,9.105538976684764
p0_nearest,1.0,0.05,60,0.36328125,0.012720559221117284,1.1547364291079405,0.22936387451482954,3.6425448923205157,0.5843651316953081,196.37945622840496,3.2063398082429644
p0_nearest,1.0,0.1,60,0.3639322916666667,0.01285415341440384,2.9073504964447126,0.5163227819771984,2.2695166095507178,0.48191850425834526,197.19563782809516,2.909789444855066
p0_nearest,1.0,0.15,60,0.3712239583333333,0.013971187159551486,5.197054927340839,0.7504126262065207,1.10547935106877,0.3271285349993854,196.85638393681876,2.945655472128053
p0_nearest,1.0,0.2,60,0.37135416666666665,0.014229428392800204,5.418575427179209,0.6759008432853506,0.6954501379379054,0.2547013192378484,198.99999999999983,0.0
p0_nearest,1.0,0.25,60,0.376171875,0.017378417414361174,5.9111302854713745,0.7767380168267645,0.3416130211353024,0.1666508518684612,196.676175231824,3.5823871973816814
p0_nearest,1.0,0.3,60,0.3463541666666667,0.018446473126903232,4.907290782166516,0.5939164243069489,0.30988812229747537,0.2018180293069936,198.7609948627481,0.4684500690133435
p0_nearest,1.0,0.35,60,0.36432291666666666,0.02147999260859458,6.140834561104592,0.7358737102135217,0.2575514769806648,0.23721451937960214,198.1625454884339,1.1803059997589798
p0_nearest,1.0,0.4,60,0.37200520833333334,0.022202130594979805,5.467688139686544,0.786513227575028,0.14864573895543423,0.09568426455820661,196.79298741332792,2.721642893736979
p0_nearest,1.0,0.45,60,0.37278645833333335,0.02516124629261235,4.401513970220892,0.6346526363588517,0.30892267639476306,0.25295331197263377,196.86145677291455,2.9468289770566938
p0_nearest,1.0,0.5,60,0.25494791666666666,0.015463010881558202,4.085989036315685,0.6200687854870092,0.09466842271082157,0.055025582474434974,198.76245653517265,0.4655851910612574
p0_nearest,1.0,0.55,60,0.19713541666666667,0.019122420132590003,4.407757127829736,0.7184786111013428,0.1424910411447666,0.09627749803494898,197.5383954635663,2.0133467778856744
p0_nearest,1.0,0.6,60,0.17981770833333333,0.016140074079332493,3.9748310597760232,0.5842711428882219,0.03686519393619727,0.03497372943414591,198.65688924783944,0.6724970742343266
p0_nearest,1.0,0.65,60,0.172265625,0.01840246483512077,5.050698687384906,0.7086697821454127,0.07866849709356188,0.1252773992683699,198.65621802260793,0.6738126756880752
p0_nearest,1.0,0.7,60,0.159375,0.01469084136773003,4.425072365103659,0.711633950299431,0.13103846980411954,0.09839623163095923,197.62708623008172,2.056804521096912
p0_nearest,1.0,0.75,60,0.14205729166666667,0.013547570743433903,4.643104540005741,0.6758697613971801,0.011955037677981421,0.010194341929821946,198.99999999999983,0.0
p0_nearest,1.0,0.8,60,0.14205729166666667,0.013180814141437344,4.240698588939285,0.696065799363622,0.17079380691518395,0.23170192050866162,198.99999999999983,0.0
p0_nearest,1.0,0.85,60,0.133203125,0.013300538347132214,5.102165954238294,0.7550667392516575,0.09880147353820173,0.12099280361647731,198.4841640921641,0.7332649938084986
p0_nearest,1.0,0.9,60,0.12239583333333333,0.011853563452129215,4.471229925559311,0.65951830658111,0.05091002374000255,0.07261604546718382,198.05881900752684,1.2941879602084423
p0_nearest,1.0,0.95,60,0.11979166666666667,0.014174395272609056,4.460019065041445,0.6859780149855365,0.13080633402554528,0.23857996882856708,197.402156148047,2.2272913673749297
p0_nearest,1.0,1.0,60,0.0734375,0.010810430654172493,4.47816837003363,0.836605822230402,4.472408300107527,0.9487460621800101,195.3765561666183,4.935323863991432
p0_nearest,1.1,0.0,60,0.3279947916666667,0.011203331018429998,0.22842807661812087,0.03667350646034957,4.453990588436044,0.5394267517307773,175.21440869985503,10.424523794074794
p0_nearest,1.1,0.05,60,0.32057291666666665,0.012623688379896558,0.3982184589208345,0.07429467098582507,4.432796116985875,0.6163256991926661,186.12218448714748,8.340753886903132
p0_nearest,1.1,0.1,60,0.3358072916666667,0.012880920239749226,1.6668582184905631,0.33646007439185777,2.323436715799256,0.49169395970308344,192.76487570427804,5.371896370626534
p0_nearest,1.1,0.15,60,0.346875,0.012713788394594043,2.613419358582127,0.42038736769692425,1.5965451298880664,0.4497458968699403,196.65020065942426,2.6407039131047276
p0_nearest,1.1,0.2,60,0.3411458333333333,0.013761851407879385,3.694260318771168,0.5730732015259897,0.9583174278040778,0.36732874780140773,198.641944172109,0.7017894226660238
p0_nearest,1.1,0.25,60,0.35690104166666664,0.017664455482421095,3.9333890504193496,0.5862192917827896,0.5126813815175513,0.2257892529007466,198.0497095961126,1.852775340082209
p0_nearest,1.1,0.3,60,0.33893229166666666,0.01661567072170435,4.36984487032556,0.6283477648942802,0.30254306410059023,0.12345989628466437,198.70996107928957,0.5684762845921337
p0_nearest,1.1,0.35,60,0.3514322916666667,0.020471177120928472,4.304349412833253,0.6217184535445952,0.24791465521629136,0.13106764767702148,198.46937487598703,1.040025243065081
p0_nearest,1.1,0.4,60,0.33815104166666665,0.020206088189886496,3.964016505818263,0.6829051479300123,0.24947581671453983,0.2545795802843583,198.5526994459614,0.8767090859153269
p0_nearest,1.1,0.45,60,0.3404947916666667,0.02051900716506214,3.1975137745330473,0.5360198314071237,0.1274539112490201,0.11736090652396118,193.0573332979843,6.1994190860393665
p0_nearest,1.1,0.5,60,0.23997395833333332,0.01608498951075375,3.5612801238156786,0.5643924996889409,0.08508447429909946,0.07929985155865234,196.55580592331532,3.064095106773646
p0_nearest,1.1,0.55,60,0.18385416666666668,0.013985284057476788,3.416678163097916,0.6234927826248653,0.1466622207177525,0.11650172686116195,198.99999999999983,0.0
p0_nearest,1.1,0.6,60,0.16171875,0.014686783061898679,3.9861802898650702,0.593152034436039,0.2322450050085668,0.3651301741486896,196.23242624416963,3.3970871326922483
p0_nearest,1.1,0.65,60,0.15078125,0.012285094943759662,3.7519650368857183,0.6201736011483745,0.08882195584993138,0.08379933503090126,198.99999999999983,0.0
p0_nearest,1.1,0.7,60,0.12955729166666666,0.01302817157270605,4.469805107671364,0.8254242280062747,0.055986231164810475,0.03993122246605669,195.36039987478387,4.593456450794229
p0_nearest,1.1,0.75,60,0.1234375,0.012506841348177188,4.42165795883836,0.6479670260721986,0.052657150118231105,0.08286379023019069,197.61948636651596,2.4207809047793756
p0_nearest,1.1,0.8,60,0.1078125,0.010875182640196306,4.733687645439187,0.7701528962179133,0.08878405959314627,0.12694332560208466,198.99999999999983,0.0
p0_nearest,1.1,0.85,60,0.10638020833333334,0.01095583635419754,4.635514548919449,0.6159599107691592,0.027255170403371984,0.031114083720885297,198.99999999999983,0.0
p0_nearest,1.1,0.9,60,0.10638020833333334,0.010979992346490774,4.590084770096513,0.7127514339417408,0.01888408717811102,0.01705273035681037,196.44319164460978,3.6506036986701536
p0_nearest,1.1,0.95,60,0.10638020833333334,0.011388621137342667,4.761651697149573,0.7103174849804287,0.05555081210088062,0.061209368095518094,195.76273324394577,4.704230532637614
p0_nearest,1.1,1.0,60,0.059244791666666664,0.00856897041131128,5.12856171088569,0.8404352960869044,9.081073221946431,1.687747732729172,192.78129492717798,6.0217046454276915
p0_nearest,1.2,0.0,60,0.3059895833333333,0.010054701109622161,0.22540920355865215,0.04879484277312962,4.055232115439682,0.6450686496067629,177.7425568755454,9.888378785649552
p0_nearest,1.2,0.05,60,0.312890625,0.0102779000996174,0.5765621598329752,0.11496587455554003,3.265677619182608,0.6560087416627369,183.82146556712678,8.615353648618974
p0_nearest,1.2,0.1,60,0.312890625,0.010836286194257022,1.1780840168154851,0.2505282278959296,2.85792185595958,0.6310954959355166,191.98041676806346,6.084756221564625
p0_nearest,1.2,0.15,60,0.31028645833333335,0.01349662849028762,2.7049601987996565,0.47710375956159984,1.3943867996880255,0.44881955241969734,196.77440561879862,3.358843545571139
p0_nearest,1.2,0.2,60,0.30390625,0.013621722631992026,4.019728565249287,0.5528494529018873,0.7801807326360154,0.3160124157683674,196.96191930298104,3.065605265343572
p0_nearest,1.2,0.25,60,0.31393229166666664,0.014660564938260035,5.392484870367299,0.6379115581409923,0.4798171587662651,0.3704179092823371,196.7532821806527,3.1238747598131975
p0_nearest,1.2,0.3,60,0.3307291666666667,0.01802881781167795,4.338238150268655,0.6275015811595895,0.33337618367119215,0.24103962576904817,197.48779188535457,2.345083536287162
p0_nearest,1.2,0.35,60,0.314453125,0.01863921281311153,3.744925150018244,0.6769048987772085,0.37627191587253805,0.20948822676665912,197.3629942856404,3.2085312001444253
p0_nearest,1.2,0.4,60,0.297265625,0.02046125240724107,4.375707218534435,0.5641114385330549,0.23139989524215201,0.13958721071147506,197.00335508498767,2.7434973732930135
p0_nearest,1.2,0.45,60,0.29244791666666664,0.02269859167665906,4.144660288287897,0.5787426378446708,0.14443367227600715,0.1471841811678076,197.8352393834275,1.8520247358119881
p0_nearest,1.2,0.5,60,0.21484375,0.017506294109997936,4.390918868717626,0.6371760016574755,0.13163293157087516,0.09841554595398533,196.19400505624492,4.340900917140023
p0_nearest,1.2,0.55,60,0.16315104166666666,0.014385094733870972,3.8328125484293163,0.6164571338406197,0.1229629655894255,0.133371496828625,198.46968282059004,0.945639160007264
p0_nearest,1.2,0.6,60,0.15364583333333334,0.012527302163430058,3.935180884460267,0.6563182634513776,0.15816049726472778,0.18500144055120926,196.60877104484976,4.2517186068106385
p0_nearest,1.2,0.65,60,0.13177083333333334,0.01264203918709893,4.496632223797579,0.5857428578479399,0.086717649534685,0.06585937714218078,195.92156626557096,3.796974910459819
p0_nearest,1.2,0.7,60,0.1265625,0.014356095943219809,4.894175964283315,0.6748561279880155,0.05077525872218438,0.06371438452144561,197.3258953676558,3.2744348497052322
p0_nearest,1.2,0.75,60,0.123046875,0.01349924559000917,4.568402490184269,0.6598796351829551,0.043915161685081895,0.045408844280137715,194.37477615864583,4.855433123489969
p0_nearest,1.2,0.8,60,0.108203125,0.012831116816523377,4.711048429594279,0.6306821243918239,0.022069197541483048,0.024838876625101543,196.66583206260168,3.1731103410015953
p0_nearest,1.2,0.85,60,0.0953125,0.011252343505910225,4.342228054141033,0.6267418020996788,0.048709000769888565,0.07924237291519984,197.70384297503685,2.540467768927435
p0_nearest,1.2,0.9,60,0.08619791666666667,0.011069359942403482,4.760538574236169,0.6820538283882822,0.05744559551806808,0.06933950749855138,194.93785825458355,4.825703896415243
p0_nearest,1.2,0.95,60,0.076953125,0.009926470448078987,5.490483864703531,0.7608597707117407,0.04060860103939212,0.05835635674289429,197.5188930607924,2.105148196965584
p0_nearest,1.2,1.0,60,0.046484375,0.007292252139277696,6.457272397203592,0.8706684850350933,11.276945974361839,2.4170972274724556,195.57765961213136,4.268027884457457
p0_nearest,1.3,0.0,60,0.278125,0.010340702533395918,0.2318051096181882,0.04906582715086691,3.154509851784546,0.690407300493798,162.57699547374708,12.406395867478528
p0_nearest,1.3,0.05,60,0.2830729166666667,0.008947665089562028,0.6043407718808257,0.15254570645801183,2.2105898809726785,0.5613488582500721,188.0625221577432,8.125694507681946
p0_nearest,1.3,0.1,60,0.28736979166666665,0.010365599820090837,1.3784742037861308,0.2858450192674488,1.424400326864076,0.5058995268725911,190.50705475089856,7.26210205087437
p0_nearest,1.3,0.15,60,0.29466145833333335,0.011721091083640705,2.840377209163773,0.4872303614983815,1.0020888490274846,0.42106100468193275,194.2636082968147,5.409616087434614
p0_nearest,1.3,0.2,60,0.28854166666666664,0.014180001616955963,4.225951918469932,0.684439769224398,0.7647834213080809,0.40558276753644623,196.9294354500198,2.8932171376767197
p0_nearest,1.3,0.25,60,0.292578125,0.01602448089521924,4.487900304445922,0.6194084596830041,0.3949655959786581,0.21129151206204813,197.54552125465491,1.8941966649994215
p0_nearest,1.3,0.3,60,0.2669270833333333,0.016998237563299226,4.546276327637449,0.5916075812569705,0.31333881023068755,0.22628640909669862,197.85566502017167,2.2428965604631412
p0_nearest,1.3,0.35,60,0.29375,0.0192908248724225,4.776686251175801,0.6793378752749412,0.23762900952156502,0.19467150593386603,198.73196575604157,0.5253471181581707
p0_nearest,1.3,0.4,60,0.26171875,0.021441516219834776,4.2173006878622905,0.6229258130692835,0.19728661533724415,0.21348156921337402,195.50841061897015,3.56800558168299
p0_nearest,1.3,0.45,60,0.28658854166666664,0.021385814134480187,4.637897646497114,0.6180028886930216,0.20430992687532704,0.24141850131455223,197.46499747747367,3.0086049441512452
p0_nearest,1.3,0.5,60,0.19309895833333332,0.015134513928595245,4.452856749039797,0.6684698512857209,0.11280653248960097,0.11153444897953842,192.73687932232025,6.1466815253814024
p0_nearest,1.3,0.55,60,0.15416666666666667,0.014975138417635878,4.3923008654457085,0.6231547990777234,0.07738834930561658,0.06463541857904852,198.99999999999983,0.0
p0_nearest,1.3,0.6,60,0.15416666666666667,0.016129298075700113,5.072367084931298,0.7592262828837202,0.0046727909479304,0.003145681916966448,197.32538491061206,3.2822455752000295
p0_nearest,1.3,0.65,60,0.12825520833333334,0.012828363413340397,4.770458915753369,0.671844828880585,0.022825234864409592,0.024251263684808653,198.20670944833606,1.4978378452166632
p0_nearest,1.3,0.7,60,0.108984375,0.010909387866006232,5.525425929641518,0.8047747180106231,0.020284684181362866,0.037729712898503756,194.70973705856608,4.857508861062555
p0_nearest,1.3,0.75,60,0.10221354166666667,0.01139559809411687,5.02628826540232,0.7435333581864206,0.006220172415050403,0.009183634463878829,195.889178097849,3.4764295780571564
p0_nearest,1.3,0.8,60,0.09309895833333333,0.010712517314572375,5.722434336821942,0.8131413770564087,0.0015965259911767179,0.002728481398418099,198.93307561777667,0.13117178915732997
p0_nearest,1.3,0.85,60,0.08684895833333334,0.01093162698370727,6.28538745953228,0.7476918118586934,0.0001138333518180275,0.00014031287338880732,194.74678830695757,4.638591037887418
p0_nearest,1.3,0.9,60,0.08606770833333334,0.009816879947892843,6.729165790439414,0.929489257282401,0.0039630994133639155,0.006878606308644084,193.83198341099882,4.762829561398693
p0_nearest,1.3,0.95,60,0.07473958333333333,0.01133776375358411,6.8032893023166725,1.0253795141336506,0.0020353294230313975,0.0039881488264143575,192.3794774386264,5.459928356075892
p0_nearest,1.3,1.0,60,0.04440104166666667,0.006495438950682768,8.020392818760548,1.0649631632904824,9.3422876398238,2.623603786208844,196.16350472349524,3.5056646204907564
p0_nearest,1.4,0.0,60,0.265234375,0.008813851048541675,0.3697070295039797,0.09302597031234983,2.354146811237032,0.6520084079739495,169.9236655111851,11.806764306089047
p0_nearest,1.4,0.05,60,0.266796875,0.010758994892664034,0.6552309590299736,0.14543056860311257,1.7711890518791222,0.5630640932507236,182.01427132806742,9.442796061482934
p0_nearest,1.4,0.1,60,0.2579427083333333,0.010514060472916663,1.4324836482869978,0.32413905063266535,1.4094485389632931,0.4843596663314947,192.14990167482196,5.760480687703548
p0_nearest,1.4,0.15,60,0.26393229166666665,0.012540117235496034,2.2741063937169135,0.5107277079914804,0.7566181419507927,0.34352000828348533,189.43360348945532,6.825051909790339
p0_nearest,1.4,0.2,60,0.271484375,0.01206929134521382,3.9179263421944963,0.6477554173239357,0.7542958181444579,0.42904716931130515,195.81738284397153,4.379717383785294
p0_nearest,1.4,0.25,60,0.26510416666666664,0.014268475180439279,4.521906444044755,0.5927686901030705,0.3517560042407687,0.2774305086022118,195.72481870158728,3.635272451404204
p0_nearest,1.4,0.3,60,0.2643229166666667,0.015844669073919758,4.766011963631334,0.65910310401508,0.2580747183947328,0.20487372313018742,196.87294505285277,2.8353009691679025
p0_nearest,1.4,0.35,60,0.26197916666666665,0.013961583650575425,4.779548335123359,0.5384118845250714,0.1758608356502017,0.14969154893399558,197.00225624945753,3.829456858031945
p0_nearest,1.4,0.4,60,0.2501302083333333,0.01763443291042719,5.090865433580359,0.6572200348859257,0.1605834293631326,0.1851855023348793,198.24506422796998,1.3269782778897254
p0_nearest,1.4,0.45,60,0.24244791666666668,0.020189281537433757,4.923024673288797,0.6468199409748099,0.15175265565654145,0.21155568131082086,195.2893883407688,4.234512971970595
p0_nearest,1.4,0.5,60,0.17903645833333334,0.015174723713650749,4.771516331273148,0.6893727926429642,0.02672601061902328,0.022534054416002345,198.8135963415953,0.2981858361655431
p0_nearest,1.4,0.55,60,0.13802083333333334,0.01445663091480913,4.98064230630486,0.6087856783535389,0.1059780840547725,0.17074709851112355,196.5731550432981,3.410982090938559
p0_nearest,1.4,0.6,60,0.121875,0.013594952744051534,5.1484844227940005,0.6152245635837671,0.05201894064844736,0.055168760167160054,196.33876177957163,3.39728374620715
p0_nearest,1.4,0.65,60,0.10989583333333333,0.012152648422098756,5.214870273835773,0.7571996782580416,0.03264864273233057,0.055613651131610584,193.89722687123705,4.991569949043514
p0_nearest,1.4,0.7,60,0.102734375,0.01072199368293096,6.1155829953609855,0.8623287876776463,0.042235284293969874,0.077497346669217,196.51154178833755,4.499399862648622
p0_nearest,1.4,0.75,60,0.09153645833333333,0.013027154733187675,6.086109859480837,0.9030092222284504,0.010708482678149599,0.019955533439283538,196.8634759313666,3.02791198824872
p0_nearest,1.4,0.8,60,0.08854166666666667,0.009958724476988442,6.653947634936713,0.9082664481215823,0.0015310698306330727,0.002039113720948478,197.51855898819227,2.9036243831427666
p0_nearest,1.4,0.85,60,0.075390625,0.00906867978283605,7.1535541252122155,0.9814749568225839,0.0017398239301413688,0.00210192998765298,192.73627808365916,5.605800069410366
p0_nearest,1.4,0.9,60,0.07395833333333333,0.009325364326137994,7.770652926981358,0.9726705723440437,1.9411174251788682e-05,2.3604473812690637e-05,189.10502295156908,7.2864794555054475
p0_nearest,1.4,0.95,60,0.06705729166666667,0.00832590359449782,8.223729080839616,0.9501171982923781,3.8920701706994693e-07,4.891118116110591e-07,195.92670445641684,4.241469674652269
p0_nearest,1.4,1.0,60,0.041276041666666666,0.008260412408671897,9.732425467747735,1.2350985602756406,8.790264725284997,2.714747381483021,198.85508858977948,0.28402636403185355
p1_full,1.0,0.0,60,0.3723958333333333,0.009620429919997045,0.2604822031620749,0.053512639908692594,5.058720512981774,0.5864223632990889,180.25775961301719,8.514221273734263
p1_full,1.0,0.05,60,0.362109375,0.011299482711777586,0.48125790209272024,0.07775898734996478,4.783400466980416,0.6680901631788216,190.86252259680955,5.829572792639054
p1_full,1.0,0.1,60,0.376953125,0.012167672795827934,0.7682094834258516,0.1574572586580188,3.038743288713383,0.48890442739205364,191.785572427605,5.7770785648186
p1_full,1.0,0.15,60,0.37643229166666664,0.01389512662090771,1.4908288696093248,0.26750214792161353,2.4037709383571246,0.4549437443120971,194.77062132786438,4.960308531199397
p1_full,1.0,0.2,60,0.372265625,0.015822323634549253,1.639830622410522,0.2633372887809808,2.381097601174815,0.4713708879961364,195.27080426362713,3.7102825139926487
p1_full,1.0,0.25,60,0.366796875,0.015933287123551403,2.3238223519497865,0.36410151581279043,1.1786810794860652,0.3131423582078728,196.9969789828008,3.025328833724188
p1_full,1.0,0.3,60,0.3673177083333333,0.017358078317670594,2.669393657647989,0.4847220273077495,1.1877323117564194,0.31015324578094117,198.48417684706453,0.7411924691580432
p1_full,1.0,0.35,60,0.3640625,0.02270394077145358,3.145103698835271,0.4099738789539805,0.8430437688452752,0.38630304764212264,197.59188950657094,2.7598965671206517
p1_full,1.0,0.4,60,0.40260416666666665,0.023510177414493703,3.286538366666944,0.49732817355827474,0.35386581881472773,0.208733077034503,197.66869839854067,2.609351138859895
p1_full,1.0,0.45,60,0.34283854166666666,0.02334797531472341,3.5106656299858825,0.4812885749129906,0.2706435175498724,0.11824349692849694,198.99999999999983,0.0
p1_full,1.0,0.5,60,0.268359375,0.016832440749461376,2.981681865419467,0.43656748145824376,0.2647127370972913,0.1472663122918811,197.20219812544332,1.8080193438865657
p1_full,1.0,0.55,60,0.19231770833333334,0.015956826260757544,2.9775344740742797,0.5350759659097231,0.11907527865025076,0.08122462043805524,195.50726176864433,4.8536279641890605
p1_full,1.0,0.6,60,0.173828125,0.01527623043887786,3.0266151630865865,0.5074018125733583,0.2093279066065192,0.20061318521387708,196.55193486147704,2.7285022755165094
p1_full,1.0,0.65,60,0.15520833333333334,0.014126651513579256,4.135750282179563,0.6264281970907419,0.1641644469341887,0.23816212773815848,197.7685529261065,2.413636264830899
p1_full,1.0,0.7,60,0.12408854166666666,0.012566498812966329,4.202891362727585,0.5834014197030162,0.10748508603919886,0.10657877002697587,198.99999999999983,0.0
p1_full,1.0,0.75,60,0.12786458333333334,0.012326360549090788,3.964041742196858,0.6514584650384825,0.1296317495961852,0.20453663806498779,197.23782105732116,2.5233643089638957
p1_full,1.0,0.8,60,0.11614583333333334,0.011030397624623399,5.066860401016469,0.6536946256320721,0.004717897795600162,0.005291920247516633,196.93420258024221,3.299569402258283
p1_full,1.0,0.85,60,0.0984375,0.011034800258150944,4.673875705530152,0.7009975528362749,0.0020151681538213275,0.0023640893398049834,197.5777007027739,1.966990875490764
p1_full,1.0,0.9,60,0.099609375,0.009797519244849465,4.468203507999671,0.6584045555309492,0.05519885893147887,0.07551713619829745,198.99999999999983,0.0
p1_full,1.0,0.95,60,0.09427083333333333,0.01043422390424858,5.266347002709378,0.6493951951544586,0.09297376091364166,0.18216587347659172,198.99999999999983,0.0
p1_full,1.0,1.0,60,0.06145833333333333,0.0085471062326918,5.716043513622868,0.9102575564005008,3.746902503317884,1.4670193563696785,198.10784461381866,1.2333207641537676
p1_full,1.1,0.0,60,0.3645833333333333,0.01043295425076428,0.28074568261142396,0.04305508257928684,5.434003803225918,0.7419942071665478,186.49911496228768,7.372155978337337
p1_full,1.1,0.05,60,0.35846354166666666,0.01240202842970567,0.42315185384607534,0.06964415276773295,4.58905994113664,0.5628573044005031,191.39719166593386,6.528328038211457
p1_full,1.1,0.1,60,0.359375,0.009772982045127193,0.770838812100467,0.14185269813008294,3.465560533812046,0.4899670923005239,195.27126008293325,3.3262795786579615
p1_full,1.1,0.15,60,0.38580729166666666,0.01340800182406631,1.6747807829987686,0.31135826087887253,2.0742713623173237,0.41966494096204926,191.69194847846296,5.560739283213935
p1_full,1.1,0.2,60,0.37916666666666665,0.01674027398782297,1.8605770481930526,0.28804744759756945,1.8126129812196097,0.43295683396950324,198.44265442019716,0.7762680674475398
p1_full,1.1,0.25,60,0.37408854166666666,0.018202216395249125,2.3970327440431753,0.34074293307753906,1.4535909999066916,0.39113235085087866,197.85835482880805,2.237624535535846
p1_full,1.1,0.3,60,0.363671875,0.017502226365706853,2.8248690069949487,0.40798626544574274,0.8957603316648023,0.28881993395240807,197.69912486615328,2.5497152623392347
p1_full,1.1,0.35,60,0.37083333333333335,0.02048403433566697,2.5877067784574423,0.4108882266305823,0.4686466039973769,0.19475164035391346,194.4754421979041,4.630817087942975
p1_full,1.1,0.4,60,0.37669270833333335,0.025436149666562876,3.341539363726707,0.4738983133729254,0.6977386394231977,0.33534918008527437,198.99999999999983,0.0
p1_full,1.1,0.45,60,0.355859375,0.02447897143321292,3.4239758331697057,0.5573702718392743,0.3670899922958623,0.17610001577805062,196.6358698525618,3.4809095772938194
p1_full,1.1,0.5,60,0.254296875,0.017705404000713403,3.0108959284647807,0.3835822884962624,0.29086102635845684,0.1373307837169959,193.93385966014668,4.32037081084429
p1_full,1.1,0.55,60,0.18658854166666666,0.014663275437817274,3.5476251554641016,0.5871334640835214,0.20275406564052414,0.14018346969491277,195.64175701074342,3.7362293467932033
p1_full,1.1,0.6,60,0.17083333333333334,0.012467944125178326,3.823405265838064,0.5172358047941961,0.30245983419330774,0.23086719731483898,198.95893064343375,0.08049593886945601
p1_full,1.1,0.65,60,0.14830729166666667,0.011592676331845386,3.800472478854697,0.6302005771178699,0.10782179092969064,0.10805088543802098,193.5594732746776,5.019870508014831
p1_full,1.1,0.7,60,0.12708333333333333,0.010948427921238879,4.434700595847011,0.6317846494217433,0.10131642132439295,0.06913917075708319,197.53197131211834,2.4179337501473728
p1_full,1.1,0.75,60,0.119140625,0.01066500917046115,3.8854051257800575,0.6619332479255201,0.023448540762939098,0.040839719913159,197.39233702556987,1.93294802562293
p1_full,1.1,0.8,60,0.10859375,0.011959444816232066,5.017272892699648,0.6910559619656246,0.03886764558419632,0.05616805723013376,198.14323054929582,1.2627896002937122
p1_full,1.1,0.85,60,0.09010416666666667,0.009883952874394837,5.1405873832712325,0.7113187897747145,0.0028872218286456136,0.003588637153520255,196.00796827690073,4.7463516287069005
p1_full,1.1,0.9,60,0.09453125,0.01035670338246348,4.71463678192155,0.6617545669689069,0.09044222523829233,0.15795371501333438,198.06047026604108,1.6011670148585404
p1_full,1.1,0.95,60,0.08359375,0.009274321992460938,5.503806893373947,0.6605121351070119,0.0009207171478557667,0.0011291488097239242,198.99999999999983,0.0
p1_full,1.1,1.0,60,0.04244791666666667,0.006744325692027079,5.764562348064534,0.9625238965423,5.191420310990749,1.9706921297446691,188.0224149820883,8.178365709756624
p1_full,1.2,0.0,60,0.3625,0.012072446482437922,0.28899556393101966,0.047821415733196815,4.864992147696162,0.6072599190388781,190.97034960196518,6.0397179574932895
p1_full,1.2,0.05,60,0.36041666666666666,0.01319575541423123,0.4366612208403254,0.0788254740574437,4.884028984292322,0.6265463585724138,191.13009199869566,5.945055077293475
p1_full,1.2,0.1,60,0.36692708333333335,0.012054693817065094,0.8970900060322816,0.18753463340286433,3.1665361653306534,0.595014334729311,193.3051355502934,6.378464370320876
p1_full,1.2,0.15,60,0.364453125,0.01441146930811471,1.4023441918878252,0.2698487895460668,2.50170122150228,0.5071284121041303,194.1954926838995,4.424299514596532
p1_full,1.2,0.2,60,0.365234375,0.015576782284216807,1.9297510048301125,0.36723242848999876,1.5558639466132285,0.3409050794704347,197.75419512268255,1.7721904746072519
p1_full,1.2,0.25,60,0.36015625,0.01706253961135486,2.2161825671567166,0.3708243857971067,1.1312389402775314,0.4053920541208207,197.5109329815353,2.05153267736846
p1_full,1.2,0.3,60,0.36770833333333336,0.014671291067035706,2.654225479351904,0.42674632728910983,0.7617176247872038,0.25592111666227446,195.44673537869286,3.657115062544968
p1_full,1.2,0.35,60,0.36171875,0.02098818505176906,2.777930604117494,0.4076109873647836,0.6793157809583206,0.2591306460221268,195.2464516579678,2.933888853590998
p1_full,1.2,0.4,60,0.34609375,0.017894713292347684,2.945469895424503,0.4161332431669198,0.6820527771500983,0.4678564218426178,197.44855717168255,2.7926306572582655
p1_full,1.2,0.45,60,0.326953125,0.019196602467943,3.1857707754917386,0.44237134406750533,0.3598846120927927,0.23814637653627088,197.74575064308524,2.114700466707837
p1_full,1.2,0.5,60,0.21966145833333334,0.015103847816501073,3.384746380410117,0.5035231734007152,0.2846592989832626,0.17246331584589256,194.62524843517653,5.088773477620925
p1_full,1.2,0.55,60,0.16653645833333333,0.012095969700206679,4.397520521979131,0.6497332211473544,0.122120000790216,0.13431199806969304,198.00665692421572,1.946952428536849
p1_full,1.2,0.6,60,0.13815104166666667,0.012177829831181593,4.245392393436675,0.5847848100164056,0.009817217509932585,0.007550547210649148,197.78030423806558,2.39060369339112
p1_full,1.2,0.65,60,0.12057291666666667,0.013033635725965739,4.109711256712247,0.5625885628829562,0.2123370143123121,0.19438525816563176,198.5923600645747,0.5637928884634983
p1_full,1.2,0.7,60,0.11145833333333334,0.010183647765945996,5.272770862878309,0.7561675286752724,0.14444784074246378,0.2539699322726187,197.78612574609784,2.110083728996813
p1_full,1.2,0.75,60,0.11197916666666667,0.011870314982991527,5.274412315343334,0.7150201403734431,0.00789213734704219,0.01035977499361319,197.6500620272289,1.9761597619331754
p1_full,1.2,0.8,60,0.10208333333333333,0.009349482299458658,5.174560788186914,0.7254342114687502,0.001998850829964613,0.002351073098717971,192.7990916374242,5.433355813011049
p1_full,1.2,0.85,60,0.09609375,0.010315691649999393,5.459671962452373,0.8305266433093303,0.04169613884172634,0.0669657171981757,197.149211853983,2.6575986256063104
p1_full,1.2,0.9,60,0.076953125,0.009306582460989405,5.538462367725532,0.8154718642939695,0.0075920892573371245,0.013024358255141404,193.300122341174,6.108051150572071
p1_full,1.2,0.95,60,0.06940104166666666,0.009414608805434415,6.165889862739496,0.7588880168746432,0.14115022089020876,0.2666177777601326,197.00293843015842,3.91424067688913
p1_full,1.2,1.0,60,0.0421875,0.0067720943523678755,6.971445243344788,1.0694375435277106,7.477712201134724,2.187323268791938,194.38405703278215,5.0878408352452915
p1_full,1.3,0.0,60,0.3313802083333333,0.011337325595132267,0.2936718285656763,0.049724161345201134,3.8357954368806477,0.6881554980407485,178.22099862888504,10.66447325364548
p1_full,1.3,0.05,60,0.32513020833333334,0.011510107314112488,0.4739259011017659,0.09601965617795756,3.9245614291717876,0.694153856483032,187.10030493942944,8.420821340646361
p1_full,1.3,0.1,60,0.34479166666666666,0.012441353566725337,0.9181241605131546,0.1528116376363865,2.468010147649569,0.5216156490130012,193.56392486495008,4.675994515239726
p1_full,1.3,0.15,60,0.33958333333333335,0.011919316991980714,1.671411639405594,0.3516842742149902,1.7175800750200243,0.4934038764242031,193.42813433480734,5.188069439532931
p1_full,1.3,0.2,60,0.3352864583333333,0.01454171376127073,2.2140241874646387,0.4153782164578277,1.0420127719999828,0.3399399619874566,196.09350850339035,3.278099924692321
p1_full,1.3,0.25,60,0.32265625,0.016963652588303395,2.638888021492173,0.45699743188838793,0.7848336993533442,0.3104908560390852,196.46790115053403,2.826897522222427
p1_full,1.3,0.3,60,0.3294270833333333,0.015790231869977422,3.1039307036002555,0.4860648587378852,0.6590406354136327,0.21217829701469978,196.82595053955433,2.619098425893903
p1_full,1.3,0.35,60,0.3209635416666667,0.017637437467335367,3.2994634272403474,0.5162438076421408,0.6934608761222243,0.3202951913660052,196.9009292452208,3.678689013820331
p1_full,1.3,0.4,60,0.30625,0.016578589882098343,3.2396109675725713,0.46622723300343627,0.5523653975412562,0.3069164516560847,197.65580220660237,1.8014506807890547
p1_full,1.3,0.45,60,0.3009114583333333,0.01988025190508525,3.6804379194859282,0.48971563927617784,0.1348244800633262,0.11732433432115544,198.44489059209863,1.0880144394863265
p1_full,1.3,0.5,60,0.19244791666666666,0.01529071248937707,3.732705052866835,0.49430474754778964,0.11658876908601053,0.07894981905749812,196.87129384194486,3.47205758685129
p1_full,1.3,0.55,60,0.14505208333333333,0.012604785391850185,4.5037329912114625,0.5256584897300188,0.04739511361658625,0.047285158848077984,196.02528450799272,4.411452604592928
p1_full,1.3,0.6,60,0.12955729166666666,0.012290440361688509,3.8866787322057474,0.6110449317955282,0.1120742692780623,0.14128926377898807,198.51920477896667,0.6121945103679816
p1_full,1.3,0.65,60,0.10416666666666667,0.010584225274094358,5.567631204782918,0.8140047541542214,0.14686168950260756,0.26032235041839186,198.99999999999983,0.0
p1_full,1.3,0.7,60,0.10065104166666666,0.010742154591415094,5.645658922387065,0.789278709752549,0.07305071124738662,0.08863260939047102,195.2728296808099,3.538390360046507
p1_full,1.3,0.75,60,0.08802083333333334,0.009328204971274545,5.778476225906541,0.7656219112684615,0.00033473384072853267,0.00024106181771663116,195.78078357554145,3.7955949916480765
p1_full,1.3,0.8,60,0.08333333333333333,0.010721015532704693,6.450810949077183,0.9316909235386718,0.0636257882231935,0.12292210669143379,194.62918613351368,5.427286238219256
p1_full,1.3,0.85,60,0.08424479166666667,0.010907363879594253,7.1052952455759355,0.857059327012713,0.05618108093945311,0.10967301258754636,196.14240801433564,4.133819626496726
p1_full,1.3,0.9,60,0.0765625,0.00942661989293788,7.674369440110258,0.8776001737316045,7.0785011075348665e-06,6.398966063064756e-06,189.25881036607248,7.640278874427792
p1_full,1.3,0.95,60,0.06536458333333334,0.008006951424410958,7.8091955793265475,0.9214330871053064,4.6746495428432593e-07,4.7151690094223284e-07,196.44830290599882,2.647403226660626
p1_full,1.3,1.0,60,0.049088541666666666,0.008997309274349182,7.233590068072247,1.1792575063774053,6.436224638022143,2.0579692308766186,192.5737023909005,6.540382933762002
p1_full,1.4,0.0,60,0.28880208333333335,0.00932181230242152,0.383016039229823,0.062411163420847814,3.855881950965917,0.8464105403182264,174.38204373906822,11.181761542074518
p1_full,1.4,0.05,60,0.29296875,0.010514112970116675,0.5117646314502567,0.10230966655688407,2.7290787998055945,0.6291484617216926,181.22352092014452,9.230145368540411
p1_full,1.4,0.1,60,0.28958333333333336,0.011736761973672629,1.1605097405403262,0.19941873784207878,1.912004282245916,0.571545964240754,187.26254891595303,8.612188268647795
p1_full,1.4,0.15,60,0.303515625,0.010402170770880334,1.6746811012146563,0.3224415237948367,1.3058544757753303,0.497616344868203,190.46663200692552,7.324759536739688
p1_full,1.4,0.2,60,0.28229166666666666,0.013654585701784667,2.8468564833149066,0.508417475016789,0.8369044366130788,0.2705262099005229,197.1839207960083,1.7052846225248488
p1_full,1.4,0.25,60,0.28229166666666666,0.01452428104005363,2.93078190997955,0.4329199854160383,0.7883468588629058,0.3934502207205096,196.35396721491205,5.186224258772095
p1_full,1.4,0.3,60,0.2923177083333333,0.016306648482092942,3.557911646241475,0.5205706211767445,0.44980477442664696,0.3060836633870438,196.9743674974734,2.223354436460666
p1_full,1.4,0.35,60,0.27096354166666664,0.014455829103937433,4.12518130508925,0.6349858619705379,0.3234258947051519,0.2967452744215476,195.95181372434217,3.7471388244634896
p1_full,1.4,0.4,60,0.25338541666666664,0.018351795513917107,4.500017175961487,0.6281816414763084,0.2136654783222996,0.1830874264411367,198.99999999999983,0.0
p1_full,1.4,0.45,60,0.24557291666666667,0.018355404354355367,4.546659957989914,0.6767130406848211,0.35505695342656807,0.24295749087008212,195.20914985377507,3.825208295569001
p1_full,1.4,0.5,60,0.17083333333333334,0.012194000119661904,4.186296609425418,0.5132620052431413,0.1666390363037008,0.22073955607885484,193.1851431346353,4.723403927500969
p1_full,1.4,0.55,60,0.12005208333333334,0.012748992060824757,5.35884881833043,0.7388047222983875,0.004930206312286269,0.00483121594359116,195.8420292979598,4.342432007112301
p1_full,1.4,0.6,60,0.11614583333333334,0.012916736718417659,5.545062949101322,0.6911553160009231,0.13248462307088363,0.16311788459466484,194.37744945430168,4.698724453499838
p1_full,1.4,0.65,60,0.11080729166666667,0.011250528402106046,6.573439818081116,0.7802265090377136,0.0018355345104746725,0.001216086234308806,194.28463805133973,5.477459178397096
p1_full,1.4,0.7,60,0.0984375,0.010327884005432138,6.8728349676000615,0.8267674782027614,0.007528077294801827,0.013405244295669408,191.56870528263602,5.737334659318024
p1_full,1.4,0.75,60,0.07799479166666666,0.01074462067440095,7.144250485094329,0.9876366742503955,0.0010124984204817067,0.001249592699178068,193.41322393455624,4.924264719818648
p1_full,1.4,0.8,60,0.08059895833333333,0.009536238482425094,7.006643044332915,0.8775808797467729,0.006891786019359333,0.013326442736553066,190.70884230138805,7.1439296054389985
p1_full,1.4,0.85,60,0.075390625,0.008634678235032613,8.586961175061244,1.0221700054303215,2.795804222807018e-05,3.7673890218718684e-05,191.66054791452413,6.010039040185846
p1_full,1.4,0.9,60,0.066796875,0.00706152820438345,8.501407889258955,0.901986860426644,0.027637752904734914,0.05412992655084577,191.80758433343917,5.689625447645724
p1_full,1.4,0.95,60,0.06315104166666667,0.008278034072248822,8.43340950227189,1.0490295158366398,0.017183113179263635,0.025908623410821417,192.70772084348982,5.864886270978984
p1_full,1.4,1.0,60,0.034765625,0.005165545064252438,8.633360350165528,0.9311585206377766,6.521077613856404,2.5400047529497267,195.8931267539097,3.8695425288158583
p1_gain05,1.0,0.0,60,0.3678385416666667,0.010712517314572375,0.29870972328369,0.047507328361655034,4.681283969787007,0.5694689074144305,182.7582440885557,8.403729870345918
p1_gain05,1.0,0.05,60,0.37265625,0.01207299511778472,0.469683790936631,0.08807176070477495,4.491818006009237,0.6286155494751999,180.23902539479073,8.546144091497233
p1_gain05,1.0,0.1,60,0.377734375,0.011264257054515458,0.8312951413306215,0.18215936429528293,3.698067883594978,0.5359567719476954,191.17418372300804,6.6878877117865185
p1_gain05,1.0,0.15,60,0.38697916666666665,0.01640051178684043,1.3203260955074436,0.20799411742759516,1.8913653198404285,0.4731971150932746,197.7028169348764,1.6442835806875626
p1_gain05,1.0,0.2,60,0.37643229166666664,0.017671953155917894,2.0248386762718815,0.3743604169988594,1.9039480027345335,0.3937300537644138,197.1821922616687,3.1924112078232842
p1_gain05,1.0,0.25,60,0.38190104166666666,0.017860597189464488,2.5025047956143367,0.4155491373398179,1.2397885969867026,0.38089028031693334,196.56825056883207,3.6295394253196664
p1_gain05,1.0,0.3,60,0.37916666666666665,0.016412623134406994,2.8318522701172686,0.3566779181826639,1.2654717732245895,0.4693391735871409,196.80343634101956,2.256258036802115
p1_gain05,1.0,0.35,60,0.3768229166666667,0.021173769110327353,3.334197830141026,0.48085550239432323,0.436419178511482,0.1452122563500311,196.13729774076947,3.342478280667451
p1_gain05,1.0,0.4,60,0.354296875,0.022426926449717104,3.4801380068743937,0.4844434447027976,0.4808883090828021,0.2660824145220869,198.4479030110394,1.0821100983624068
p1_gain05,1.0,0.45,60,0.3809895833333333,0.024688965314746087,3.7350625967723574,0.5877860342632847,0.41631035086303697,0.2651902723315218,197.7117281715465,1.8007033804117016
p1_gain05,1.0,0.5,60,0.23893229166666666,0.01810443244757789,4.0180490365728945,0.5352426058782612,0.22091922626894295,0.10290333780130403,198.7452010077868,0.49940602473752366
p1_gain05,1.0,0.55,60,0.200390625,0.016308814659964792,3.285937038787204,0.4780659526647998,0.12528279832670622,0.07620899263124681,198.35442254631604,1.2653318092201935
p1_gain05,1.0,0.6,60,0.17994791666666668,0.015492966098007396,3.86145318059111,0.6616382116757061,0.12532242047526646,0.06268725969480021,194.56621242697832,5.460207763836602
p1_gain05,1.0,0.65,60,0.159765625,0.01541349330971285,3.6456499078341227,0.528078393648857,0.12225879758359545,0.12441930651120088,198.99999999999983,0.0
p1_gain05,1.0,0.7,60,0.14518229166666666,0.01451892168786756,4.143799083953998,0.6701344396340622,0.12518783970190442,0.13721561107877087,198.99999999999983,0.0
p1_gain05,1.0,0.75,60,0.141015625,0.014298886991426677,4.928368174666819,0.8072890519905658,0.03806629772520167,0.04064984489716177,197.85993923411692,2.2345191011305143
p1_gain05,1.0,0.8,60,0.13268229166666667,0.013620709579799597,4.496676429588009,0.6402249398720177,0.024916497684418136,0.03824794692259375,197.24853533797128,2.582714429115219
p1_gain05,1.0,0.85,60,0.11041666666666666,0.01158681847389467,4.892238767905496,0.6875811615185488,0.019259323588259585,0.021607231739983357,198.50074169402444,0.9785462797117183
p1_gain05,1.0,0.9,60,0.097265625,0.011373101465178052,4.62816982975707,0.6360957844850865,0.13228051199697685,0.2333247964268712,195.64904179011313,3.9744611763645854
p1_gain05,1.0,0.95,60,0.109375,0.01157843134396908,4.873225428085259,0.6639831736561059,0.008226167971409858,0.010927899482174253,196.96592299658283,3.5013113520643913
p1_gain05,1.0,1.0,60,0.06341145833333334,0.00981418074728791,4.774740831646623,0.788876356756144,3.0582837625127004,0.8728200552026879,198.88771424956903,0.22008007084435816
p1_gain05,1.1,0.0,60,0.3704427083333333,0.011551465597864932,0.29644811265131793,0.03925609121918652,4.805069828560668,0.6569660404619517,183.94457677627224,8.333421131396895
p1_gain05,1.1,0.05,60,0.36575520833333336,0.012063070107761071,0.4336775339257028,0.06183825436541,4.949884112991269,0.5963327171209618,190.4981888716752,7.169413468029983
p1_gain05,1.1,0.1,60,0.38059895833333335,0.012661017340915464,0.8771063159070498,0.17547080131597587,3.8462195369636527,0.6499536118798934,193.3754378648288,6.0886911207822925
p1_gain05,1.1,0.15,60,0.372265625,0.016566699820957563,1.352831878182616,0.21790199715252567,2.0673202140407585,0.4033830606364706,192.10109469278356,5.994720098325907
p1_gain05,1.1,0.2,60,0.37356770833333336,0.015275652316613644,1.9552652997550213,0.3443409991956679,1.738844494542774,0.41149435053264616,197.7934265392618,1.806013342204747
p1_gain05,1.1,0.25,60,0.3671875,0.015894058788887264,2.25675538463293,0.3425873741293761,1.4483580112106518,0.454363399322645,193.99977720914578,4.21599686962174
p1_gain05,1.1,0.3,60,0.37604166666666666,0.020896993749850927,3.0308096931232495,0.4058406732477478,0.6118160128894564,0.21804597381605328,197.27217107009062,2.106208606128272
p1_gain05,1.1,0.35,60,0.37734375,0.019448465516722784,3.469023796589982,0.5640298409217733,0.6564012405360916,0.39128883608363335,198.99999999999983,0.0
p1_gain05,1.1,0.4,60,0.36692708333333335,0.023816673861938142,3.1403712871584273,0.46517062840479007,0.4504614446147255,0.16943149249119477,195.21174999964958,3.5564212667410913
p1_gain05,1.1,0.45,60,0.33151041666666664,0.02292506831898145,3.6974546163481254,0.625785134465873,0.2973062493137518,0.17707125847982189,194.20334705163012,5.084323017190168
p1_gain05,1.1,0.5,60,0.24296875,0.018503953992015598,3.4238118855813067,0.5952113364701404,0.20104857032465642,0.11199342946587978,195.12130165068672,5.665911018322406
p1_gain05,1.1,0.55,60,0.18151041666666667,0.013707357088239697,3.817166273963764,0.6778856912794481,0.2675550636907547,0.1909637745352613,193.11208143914354,5.901854634672679
p1_gain05,1.1,0.6,60,0.163671875,0.013620385387184434,4.348763610132192,0.6189309302551083,0.1407967921553494,0.1459111886353241,198.38167886777637,1.2119094191579405
p1_gain05,1.1,0.65,60,0.144921875,0.014871094210862119,4.131765144820553,0.7508379939932696,0.052000697406600224,0.05781235309443711,197.92859860155744,1.2773738084165362
p1_gain05,1.1,0.7,60,0.13489583333333333,0.01208158715222304,4.535128413744833,0.7447853425585705,0.07659661956530397,0.06119152023701802,198.432489648854,1.0191588167911265
p1_gain05,1.1,0.75,60,0.11510416666666666,0.010300055801379663,4.474740701885104,0.8230651756524165,0.02900245594574659,0.04547476478273285,193.42881492730496,4.489983093351015
p1_gain05,1.1,0.8,60,0.10768229166666667,0.012181092793898759,4.8650912036776175,0.6728174404732717,0.04214137926876535,0.07939347218823996,198.99999999999983,0.0
p1_gain05,1.1,0.85,60,0.10638020833333334,0.011544582839840735,4.550460459728125,0.6782970686244101,0.020451278236175534,0.032259351049162235,195.01170693341786,4.224923698100499
p1_gain05,1.1,0.9,60,0.08723958333333333,0.00887930079590595,5.093956672408464,0.7024330742261631,0.018908472970009353,0.028011881534962837,198.55784006324745,0.8666334760346724
p1_gain05,1.1,0.95,60,0.08411458333333334,0.009416543332181913,5.9321101107364775,0.7466417730329326,0.07004888043861193,0.11588465099962457,198.99999999999983,0.0
p1_gain05,1.1,1.0,60,0.052083333333333336,0.007402607653827576,5.753472303514076,0.9567684732422466,4.213953312590492,1.8879115468014602,191.07442649056478,6.574191795739144
p1_gain05,1.2,0.0,60,0.36236979166666666,0.010840360330820123,0.32188932329592035,0.05139430822709115,4.9569100073980605,0.6388874616271946,185.22916497987336,8.020800082229242
p1_gain05,1.2,0.05,60,0.35638020833333334,0.010680317457513215,0.43926443967804657,0.07447307914646224,4.29970750384632,0.5644565955742639,186.49114245068628,8.351469441841113
p1_gain05,1.2,0.1,60,0.37408854166666666,0.01237529624028969,0.8119537796437288,0.16395090043047267,3.1293119237451137,0.547592840106576,193.67069187382674,4.973214676199758
p1_gain05,1.2,0.15,60,0.3692708333333333,0.012975062632746006,1.5732257868494535,0.27004174075492077,2.0371304256132285,0.3460015905765064,195.6537836705901,3.5481339200786484
p1_gain05,1.2,0.2,60,0.3614583333333333,0.014653221484187092,2.5143235881367034,0.4552761152636449,1.521136259082689,0.378074713391417,193.79308872540415,5.984056654234363
p1_gain05,1.2,0.25,60,0.35963541666666665,0.01433839905381476,2.5380114045592177,0.48241839194242797,1.3149906651103518,0.45571744923706237,196.65888523894998,3.4035932211463362
p1_gain05,1.2,0.3,60,0.33828125,0.018155609715753883,3.298474383622572,0.4742367582833919,0.8188484833648612,0.3735373420707235,197.47955351561916,2.346904993943606
p1_gain05,1.2,0.35,60,0.3463541666666667,0.018735060059407702,2.9821028863057393,0.44336670894789626,0.6780627390310012,0.3213675332093003,198.77874546021746,0.4336588979734625
p1_gain05,1.2,0.4,60,0.3514322916666667,0.019823531939244014,3.5556413884235223,0.5227841168986602,0.28167453209022963,0.16867496738479656,196.82184322730907,3.2583066164965664
p1_gain05,1.2,0.45,60,0.31796875,0.022044075583191134,3.1871289934470965,0.48163530411005456,0.43990175159358275,0.2492683309575221,195.89618837521945,3.169385844532625
p1_gain05,1.2,0.5,60,0.234765625,0.015770329479703124,3.959769393560334,0.6556909604846756,0.13178152022681985,0.0836133234950388,198.3808117795159,0.698250495768859
p1_gain05,1.2,0.55,60,0.15208333333333332,0.013513181279656006,4.807373017647494,0.6890384359823523,0.20620813756587045,0.15470480135533132,198.89456611707297,0.20665041053659394
p1_gain05,1.2,0.6,60,0.14895833333333333,0.013000561620944734,4.135457421544682,0.7125224109091636,0.06964485873093573,0.0820102925952824,197.09473810436947,3.7343133154354438
p1_gain05,1.2,0.65,60,0.13541666666666666,0.012227630823971004,5.0252764450715155,0.7257971493309985,0.06753717974677512,0.10910466231206671,198.05748500798862,1.8473293843420044
p1_gain05,1.2,0.7,60,0.112890625,0.011874545655986387,3.931893676837767,0.6798222052589424,0.10619246667592325,0.08475565813585552,194.43625816933158,4.817529255574869
p1_gain05,1.2,0.75,60,0.10807291666666667,0.011967564926603958,4.548409172535697,0.8765544180939927,0.09633025625431799,0.10620712162041755,197.3612948555757,2.340051989746821
p1_gain05,1.2,0.8,60,0.10221354166666667,0.010468604517884766,5.037331846154138,0.7201784033996143,0.04645423383804416,0.08223298855953139,198.17225824851752,1.6223738329053343
p1_gain05,1.2,0.85,60,0.08190104166666666,0.009577821618575101,6.753767063370266,0.8074140989283455,0.012824142112976883,0.024786927032033633,198.99999999999983,0.0
p1_gain05,1.2,0.9,60,0.08098958333333334,0.00936434766361953,5.700185129955888,0.7326911702654529,0.0018316557937098556,0.003087447044045244,192.26092073024634,6.958917535097464
p1_gain05,1.2,0.95,60,0.07760416666666667,0.01075309352113366,6.938685226796225,0.9575208456259641,0.000500469920348536,0.000916737073106706,191.80930794396727,6.265701098849781
p1_gain05,1.2,1.0,60,0.03606770833333333,0.006582550633035941,6.0485819660069735,0.8571386696405893,6.031983159881339,2.1452845816647472,192.06113844890967,6.657889971936169
p1_gain05,1.3,0.0,60,0.33111979166666666,0.010073951082051781,0.28008462705436077,0.04657311005292439,4.0003032840880115,0.6187763643612731,180.0714732155032,9.933712782766577
p1_gain05,1.3,0.05,60,0.32838541666666665,0.012114983191199488,0.4628987930428187,0.07715139995630338,3.6596073297519935,0.628996620826568,185.8736597795763,7.260558373849616
p1_gain05,1.3,0.1,60,0.31888020833333336,0.010769250444938306,0.8415224085286596,0.19762429453217956,2.401471556041906,0.5056345880713513,197.17609889702376,2.2356501964360196
p1_gain05,1.3,0.15,60,0.330078125,0.010714578107611126,1.9217620743030734,0.3637385591698288,1.3794154373930785,0.4003666981422074,196.3614355818255,3.068315316584518
p1_gain05,1.3,0.2,60,0.33541666666666664,0.016186687196471726,2.323297918151156,0.37371676198111076,1.5906354828506588,0.47721284410774883,193.4433400535675,5.102305955046857
p1_gain05,1.3,0.25,60,0.323046875,0.01581394904323067,3.0345702758014417,0.4754454984737345,0.9092223992650244,0.31186939077498826,196.66020688607756,3.485468006261326
p1_gain05,1.3,0.3,60,0.33880208333333334,0.019110639766229693,3.4311724929897744,0.5962914092030389,0.46813884144605317,0.30848031293070693,198.4035786544104,0.8222027813496208
p1_gain05,1.3,0.35,60,0.3014322916666667,0.01755839746223179,3.3148664245219326,0.5651422926955161,0.25435335513528384,0.17349975853393293,194.19222610651545,4.758384904330862
p1_gain05,1.3,0.4,60,0.3123697916666667,0.018745044795535248,4.1263959569017405,0.6812077726383681,0.4797254514070834,0.3167641397172123,194.280265991049,5.039388993823335
p1_gain05,1.3,0.45,60,0.2989583333333333,0.021008898136416123,3.9498765612268056,0.6657901161586367,0.20208965086536843,0.16127434178182473,195.43686702797012,4.249091249705583
p1_gain05,1.3,0.5,60,0.19908854166666667,0.013295889637707286,4.34384616235794,0.6229396316027069,0.11449527767456567,0.10579924288523797,198.9619968450201,0.07448618376024466
p1_gain05,1.3,0.55,60,0.14791666666666667,0.013671068361326626,4.3268500028570935,0.5682207157028675,0.008565836831720222,0.00867079268733485,198.66622274500662,0.6542034197866584
p1_gain05,1.3,0.6,60,0.12786458333333334,0.012919300393850626,4.949282071611093,0.748468531886876,0.02122415940800448,0.03015021180188649,195.45855310203294,4.37288118581927
p1_gain05,1.3,0.65,60,0.10533854166666666,0.012291518147473644,5.024508280375122,0.7352513055306132,0.0024718888625907634,0.0024698206308974265,198.2834839913957,1.4043713768640818
p1_gain05,1.3,0.7,60,0.099609375,0.010825278366618457,5.441732329539177,0.7449695430749524,0.11186863305618593,0.13867438252006767,194.59520110245236,5.122090368212559
p1_gain05,1.3,0.75,60,0.09596354166666667,0.011452417478846419,5.4560802089577045,0.7498035768562368,0.0005918591903344883,0.000607280650296909,196.33323009831736,2.824902056992074
p1_gain05,1.3,0.8,60,0.09166666666666666,0.011893727489308161,7.00757367004203,0.9983698427834353,0.011883560420777236,0.021197827491494087,194.0563427953193,5.674097664105632
p1_gain05,1.3,0.85,60,0.07786458333333333,0.008378837077234014,7.131936399960433,0.7765557819367471,0.04279826065983136,0.0837598607648971,191.3184647048878,7.110870884307868
p1_gain05,1.3,0.9,60,0.06549479166666666,0.008544199701709726,7.08312850327549,0.8501699211278768,3.178024638820313e-05,3.8791392594196046e-05,190.12917456569693,5.834250160023275
p1_gain05,1.3,0.95,60,0.07044270833333334,0.009557052666772582,8.325791470291486,0.9122023098012546,0.12697415549750918,0.24688849430495002,192.70141667453487,6.669260120003092
p1_gain05,1.3,1.0,60,0.037760416666666664,0.0059267817260646085,7.896841911298113,0.9093919312774321,7.747846557802458,2.6784169412003047,196.35945072828025,3.2739050809495582
p1_gain05,1.4,0.0,60,0.29466145833333335,0.00907062723580286,0.3205537959954532,0.04289054633889363,3.5812845985991926,0.8154185719825225,185.34071936588586,7.950512495734182
p1_gain05,1.4,0.05,60,0.29244791666666664,0.011407652346526182,0.5522442508992267,0.11706141927408957,2.076968452405449,0.6218518456578274,165.60714829902673,12.01502210032586
p1_gain05,1.4,0.1,60,0.3104166666666667,0.01114033785927875,1.0726351782603842,0.20112544217615355,1.7390861315207882,0.5481602420506992,189.25912102020763,6.034839541813082
p1_gain05,1.4,0.15,60,0.29986979166666666,0.012099254739225634,2.1762086580596414,0.3808421805235904,0.8513907936627546,0.35766736957616063,194.37394733798138,4.374885337824787
p1_gain05,1.4,0.2,60,0.2967447916666667,0.013746561772530674,3.2405670145206567,0.524662603594009,0.9586666798712256,0.39949671776946793,195.55446582417656,4.4028032772324215
p1_gain05,1.4,0.25,60,0.2794270833333333,0.013932614558141258,3.0393056063564265,0.39868641268258304,0.3741105839366047,0.2533172939344022,198.101442785413,1.7611721405901544
p1_gain05,1.4,0.3,60,0.28294270833333335,0.015646644774480245,3.892558818801298,0.5395222418221065,0.4108303354941898,0.4364726833972349,195.37921618455997,4.785910211941997
p1_gain05,1.4,0.35,60,0.2708333333333333,0.01845365307130496,4.55897475111371,0.633237498622218,0.25308246864270406,0.20310665824122112,196.47712653036513,3.5977069177683076
p1_gain05,1.4,0.4,60,0.24973958333333332,0.017436032085326406,4.191006654122647,0.6318970719483944,0.297512331580865,0.2330268730479594,195.37341627467222,3.8743692160034433
p1_gain05,1.4,0.45,60,0.24609375,0.02049060807297362,5.10341693128083,0.6320571057027125,0.013484319376328236,0.013851301735835226,195.27895244311523,3.773505974821761
p1_gain05,1.4,0.5,60,0.17473958333333334,0.015177669693468588,4.550334081203257,0.6095025906952487,0.09194600898644884,0.14401303852117728,195.39833496804536,4.173612532430463
p1_gain05,1.4,0.55,60,0.12669270833333332,0.010907363879594251,5.5761026694203375,0.6116542560267877,0.022953585109310067,0.02517804791816766,196.54015056786344,3.140192043949155
p1_gain05,1.4,0.6,60,0.10859375,0.011426989986434337,5.465400716793869,0.7923775144718372,0.12255397953104463,0.14794755060542789,193.31692726204088,6.030545969875875
p1_gain05,1.4,0.65,60,0.09466145833333334,0.010454675777464627,5.89215417846707,0.7767749088389263,0.012225892558506377,0.01847751889885829,191.22183381517223,6.286602418793954
p1_gain05,1.4,0.7,60,0.08736979166666667,0.011425782342771609,5.936713693945961,0.776877591352043,0.0003020087833721064,0.00018757798239387317,191.73973818508742,5.5181556796090145
p1_gain05,1.4,0.75,60,0.0875,0.009234958639318058,8.106193590964432,0.8674208098620303,0.00522877734190405,0.009854837810441358,189.22388002741948,7.015263835783546
p1_gain05,1.4,0.8,60,0.078125,0.009974231342423092,8.18540767424027,0.9420931151890091,0.0002489284527715625,0.00041921345676350396,189.63433481532212,7.793068202452698
p1_gain05,1.4,0.85,60,0.07057291666666667,0.00842613394923145,8.025414609340997,0.940244740958677,4.1419159230653366e-05,5.3911493176796154e-05,189.81885530882647,6.550498297242612
p1_gain05,1.4,0.9,60,0.0703125,0.009456084728915225,7.944397159649189,0.8607778963096385,2.587516193615817e-06,2.5850862057794108e-06,186.18253955187535,7.585184643591918
p1_gain05,1.4,0.95,60,0.06796875,0.008050949016001948,8.639348621642522,0.9326611131994421,0.015093625799583097,0.029583465819069645,190.1545448952924,6.660527448716132
p1_gain05,1.4,1.0,60,0.03723958333333333,0.006180619349292008,9.49736279819045,0.9847519838858876,3.7635589185920897,1.8595029165248242,196.95999075658037,2.375827211869695
p1_tmax2,1.0,0.0,60,0.369921875,0.012877491704699639,0.3100105059092018,0.07120399282732616,5.059977095060395,0.6149318419079933,178.84073118774558,9.48185110066186
p1_tmax2,1.0,0.05,60,0.3751302083333333,0.011991478010252955,0.4694205524618952,0.08618980781631289,4.304848538843572,0.5594396991426756,191.20747689481445,5.917733786908032
p1_tmax2,1.0,0.1,60,0.3729166666666667,0.012190740611708483,0.7395488759910052,0.1969470207684497,3.3089446763139616,0.5397065315404743,187.0722483293622,8.333200492583162
p1_tmax2,1.0,0.15,60,0.38333333333333336,0.012980166437721112,1.574014289706675,0.25941767382634096,2.4650126739404,0.4721844874026797,194.54744131386332,4.593887388591524
p1_tmax2,1.0,0.2,60,0.3658854166666667,0.01688485824245558,2.1699668576257287,0.3293792879707577,1.4851671626524376,0.40653237700392597,194.02060921322604,5.799172395359856
p1_tmax2,1.0,0.25,60,0.379296875,0.01727750481256222,2.34654284962374,0.39801968803064475,1.331521311042088,0.3978051960509083,193.97787045206636,5.865741804592041
p1_tmax2,1.0,0.3,60,0.37278645833333335,0.017617898688334376,2.89009344927345,0.3713868121465161,0.7993672729932718,0.2919335007752128,197.4078635953122,2.214855345274254
p1_tmax2,1.0,0.35,60,0.3828125,0.021816650639930366,3.569873352861814,0.5191555558249076,0.5304911219810551,0.20153674956677917,196.53890581079818,3.086759249722224
p1_tmax2,1.0,0.4,60,0.37669270833333335,0.02061176371262189,3.2681835411115348,0.49902793102835763,0.48018983748877064,0.34809368187820355,196.33444900064836,3.372186214687513
p1_tmax2,1.0,0.45,60,0.3736979166666667,0.026020730814675933,3.26868576171707,0.4689271749278117,0.6812699034710649,0.3807549126648487,195.07027551099253,5.401953346838839
p1_tmax2,1.0,0.5,60,0.241796875,0.01376550075054387,2.946183611485858,0.5273889761903215,0.30221475980422147,0.1952791954257938,196.94194175526505,4.033794159680146
p1_tmax2,1.0,0.55,60,0.19322916666666667,0.017129049409030702,3.19908126214241,0.5786013359620237,0.2507569091454224,0.22110212656156827,195.69050462281555,4.393419192757196
p1_tmax2,1.0,0.6,60,0.166796875,0.014979376537542477,3.9305796382930387,0.6640061244610677,0.10401352521690328,0.07378236246631555,196.7957541065813,4.3203219511002215
p1_tmax2,1.0,0.65,60,0.155078125,0.01668224161640911,4.012401179061093,0.5900351335534862,0.1397296570273353,0.12421456303036692,195.69613498687292,4.184812133608817
p1_tmax2,1.0,0.7,60,0.148046875,0.013980349786036069,3.985733661318416,0.5944578432126731,0.06075197566632254,0.06134132035279138,198.99999999999983,0.0
p1_tmax2,1.0,0.75,60,0.12604166666666666,0.01373197864561187,3.593655681619183,0.5648962277979307,0.03267600216098747,0.03592902847530671,198.0541745442706,1.318257846533655
p1_tmax2,1.0,0.8,60,0.11809895833333334,0.01351624438643675,4.219266298426937,0.5794793319162792,0.030626827835396744,0.031971770328054185,198.72597406148265,0.5370908394936933
p1_tmax2,1.0,0.85,60,0.12278645833333333,0.013516244386436753,5.0550480394913855,0.7612982831627696,0.08774723377317693,0.09596338920913115,198.99999999999983,0.0
p1_tmax2,1.0,0.9,60,0.1,0.010402011583625338,4.662312518455216,0.7667652585788042,0.010556271060005595,0.016083074724050503,198.82652176286015,0.3400173447936937
p1_tmax2,1.0,0.95,60,0.102734375,0.010248212843824035,5.066145931818111,0.8188105127972114,0.00983538128982306,0.013785453504544918,197.1689249959992,3.5889070078412555
p1_tmax2,1.0,1.0,60,0.059765625,0.0076935751546598295,4.14490064046395,0.7168237712796414,2.6540321294151767,1.303811851996467,193.21228784640007,6.341028021910396
p1_tmax2,1.1,0.0,60,0.3658854166666667,0.012770793803106533,0.2686352599281586,0.03585917681899734,5.619173878326197,0.636857747772589,181.04628102548588,9.65661507163698
p1_tmax2,1.1,0.05,60,0.368359375,0.011753445167579231,0.41387160667980444,0.06483026668442746,4.0011450976660194,0.5801216875798204,187.57504577836718,6.967314454296764
p1_tmax2,1.1,0.1,60,0.36822916666666666,0.011546734142439048,0.6952681769339751,0.1147865378061668,3.954285679023125,0.5831715152163225,193.3810758325579,4.4602739503137245
p1_tmax2,1.1,0.15,60,0.37356770833333336,0.015127510012266645,1.3204831119200857,0.26389609095806765,2.8301136994421654,0.5020118789101483,196.00533196324076,2.833670271161685
p1_tmax2,1.1,0.2,60,0.3826822916666667,0.01426673429922171,2.0936412790092045,0.37426806523243217,1.6984330323163872,0.4007611715920661,194.19379969295434,4.754277061812138
p1_tmax2,1.1,0.25,60,0.3703125,0.0182062490120752,2.6321081927429515,0.5202001080506637,1.219836392757337,0.34477838698554997,198.4852220639023,1.0089647547511293
p1_tmax2,1.1,0.3,60,0.37916666666666665,0.01634387349708304,2.975277999183144,0.43805896467377997,0.8037867816140971,0.31421600195575156,196.55564424408146,3.542217629254493
p1_tmax2,1.1,0.35,60,0.36184895833333336,0.018119791666666666,2.891968750465651,0.3993921414810657,0.5091518135490453,0.25632621863999666,196.628472157401,2.4971129355363373
p1_tmax2,1.1,0.4,60,0.36627604166666666,0.020482821735653536,3.510288131448685,0.5588271532352378,0.4969642935534394,0.27128956026818135,197.42501608636317,1.8504129624765098
p1_tmax2,1.1,0.45,60,0.34713541666666664,0.027317658926872535,3.046249004834056,0.5055110097195027,0.2692199979362906,0.16970745984302268,196.81403935525196,3.0388961915202586
p1_tmax2,1.1,0.5,60,0.2390625,0.015532390097010384,3.4548931934611544,0.5525307642468161,0.3721507956067111,0.2685400335186207,195.4198791905646,5.32611487102151
p1_tmax2,1.1,0.55,60,0.16744791666666667,0.015296775707022564,4.4498200101558485,0.6369969450703439,0.24137387289570056,0.22882870254654641,198.7181867214013,0.5523540260530726
p1_tmax2,1.1,0.6,60,0.166796875,0.015505181171206108,4.11472456635919,0.7195120518811859,0.06622467210406371,0.04468872649284623,196.87761616545328,2.957065934392539
p1_tmax2,1.1,0.65,60,0.15520833333333334,0.017750394236656614,4.049008106245341,0.6848779470403411,0.053373188621314994,0.056545707471570436,198.01353943380278,1.8359309164674251
p1_tmax2,1.1,0.7,60,0.13567708333333334,0.011922095150138253,4.403189684890013,0.7041955295577934,0.01000134988265171,0.012290073948283603,198.99999999999983,0.0
p1_tmax2,1.1,0.75,60,0.12239583333333333,0.011898181791002042,4.467050937156644,0.819715299288149,0.020090158906103658,0.027983398403659952,197.393199201431,2.208702994845134
p1_tmax2,1.1,0.8,60,0.11419270833333334,0.010314353892134401,4.6354120527691896,0.7269904143556152,0.0597567341455181,0.04846480458019145,195.78313851638765,4.4677250906145956
p1_tmax2,1.1,0.85,60,0.09817708333333333,0.009563114937054626,5.158237253283915,0.8092384106121555,0.027744997661757212,0.024001092896865597,196.16719971275185,3.892718626734481
p1_tmax2,1.1,0.9,60,0.10234375,0.010977629419793656,4.897061428875479,0.7121550660422911,0.030378800904476585,0.028003531773227897,197.9713504728384,2.0161530732364192
p1_tmax2,1.1,0.95,60,0.0890625,0.007833281681822738,5.150425702232411,0.7580336017765192,0.11205042290218452,0.1401837829919826,198.99999999999983,0.0
p1_tmax2,1.1,1.0,60,0.06276041666666667,0.009084308476818743,5.070881124776293,0.7330596662436741,2.347029278357153,0.8281790225842677,198.99999999999983,0.0
p1_tmax2,1.2,0.0,60,0.3572916666666667,0.01241150450910823,0.28362206369864307,0.04850596304737755,5.57039161787613,0.5580467997036708,184.60864800504174,8.330010884075131
p1_tmax2,1.2,0.05,60,0.365234375,0.010977176886443741,0.5091942953134033,0.09417208646533716,4.634071766247567,0.6377552004029001,193.74562998363623,6.339838901173758
p1_tmax2,1.2,0.1,60,0.376953125,0.011280709383125202,0.7923146089063791,0.17032843859773006,3.660124585713111,0.5896588248157746,195.5532094043314,4.531017122923001
p1_tmax2,1.2,0.15,60,0.3592447916666667,0.012573875735605469,1.4208756101715256,0.27793461292129973,2.4041466617266516,0.4861232442663108,194.85181502695693,4.452304118882502
p1_tmax2,1.2,0.2,60,0.3645833333333333,0.014108823316014823,2.0707885847499243,0.4096909527140451,1.7640383919613434,0.4431731077817452,197.5593033016471,1.6709084625316233
p1_tmax2,1.2,0.25,60,0.3595052083333333,0.01640465083621816,2.9852626262961732,0.48272759342284227,1.1986779033966355,0.39537994853185493,198.37345359477402,1.2280309542425907
p1_tmax2,1.2,0.3,60,0.3578125,0.020374882206948677,3.3979307382036694,0.5837102231823202,0.6723339118382748,0.2882226618341551,198.22151621853754,1.2714509287569362
p1_tmax2,1.2,0.35,60,0.3631510416666667,0.020451754696183558,3.1602571238930555,0.5906865257291587,0.623468379796061,0.2579157124509568,195.0772852808885,3.812189118320664
p1_tmax2,1.2,0.4,60,0.356640625,0.02350836957773716,3.6959256297760836,0.6852585293146537,0.25488507502460134,0.13708384090994954,196.3423669050785,3.118338697843983
p1_tmax2,1.2,0.45,60,0.333203125,0.019433219130992357,3.9401657051946155,0.6482552713715243,0.2755763196905863,0.16103785283357044,195.62666840225847,3.3959069259554964
p1_tmax2,1.2,0.5,60,0.22552083333333334,0.015318842848269613,3.6200593216062344,0.5877765636389259,0.14346135359592907,0.11341564170140427,197.57619299145816,1.8454500695879323
p1_tmax2,1.2,0.55,60,0.153515625,0.012617696748678568,3.73754966074653,0.6222358336867719,0.1820473560600929,0.15347123471886817,198.77042573955623,0.44996555046946435
p1_tmax2,1.2,0.6,60,0.14791666666666667,0.013700107032560922,4.300335782056532,0.6949996669048095,0.08563738608798392,0.11254593536569776,195.81700063822936,4.364684939117123
p1_tmax2,1.2,0.65,60,0.134375,0.015918210743130393,4.531111391653021,0.7353583857565745,0.09093710937305631,0.09699388568943046,198.99999999999983,0.0
p1_tmax2,1.2,0.7,60,0.125,0.010365014062111462,5.42552411675152,0.73447923824088,0.09589110357044829,0.11761273809733752,198.99999999999983,0.0
p1_tmax2,1.2,0.75,60,0.11171875,0.013364500629447612,4.915573009772486,0.7936538552376666,0.07339458975879791,0.0936920417556923,197.5194580452561,2.6233182564706294
p1_tmax2,1.2,0.8,60,0.10559895833333334,0.010089718500978905,4.521325078249225,0.6450983578375475,0.002958658911418067,0.0030388828468136853,195.35868552598782,4.863440350590652
p1_tmax2,1.2,0.85,60,0.09609375,0.00962478933706286,4.860503495217316,0.735257142357714,0.001206640551953878,0.002213045594076169,195.5735293922693,4.933864488234968
p1_tmax2,1.2,0.9,60,0.08046875,0.009086738540922566,6.44229712530416,0.9260298949914912,0.013963582380537177,0.024875233560569778,196.3029443171441,2.9998477769346716
p1_tmax2,1.2,0.95,60,0.075,0.008827179918539416,5.722047581557183,0.6583529754719448,0.02606867818213491,0.036072043644634365,195.93010868466808,3.365636144901575
p1_tmax2,1.2,1.0,60,0.04791666666666667,0.008585765958213538,5.6141793886514035,0.7116361787096359,6.636558220882254,2.1560998494973846,196.42495006063675,3.6137508700248455
p1_tmax2,1.3,0.0,60,0.337109375,0.012985055701731342,0.3007895822233481,0.05431091928924878,3.990295479014874,0.8156136394234461,177.87743368539446,10.324261292744803
p1_tmax2,1.3,0.05,60,0.32265625,0.011642894322935443,0.5183388692442169,0.09570442402219304,3.855609956248943,0.5947945799921408,188.6124638651376,8.110552145293155
p1_tmax2,1.3,0.1,60,0.32955729166666664,0.011683735334690117,0.8529504614651612,0.16547217386683832,2.723009358322065,0.5225002060215863,187.2428331969817,7.679764773946575
p1_tmax2,1.3,0.15,60,0.33346354166666664,0.01283971739582699,1.70629145765916,0.28513524460709827,1.8319937291573434,0.5614273129693791,193.1788877139276,4.989230715725736
p1_tmax2,1.3,0.2,60,0.33697916666666666,0.015477995736483357,2.250211384704959,0.3799597413605696,1.2107381200573415,0.3639415245236064,196.082958325604,3.1013477260951587
p1_tmax2,1.3,0.25,60,0.3204427083333333,0.01829440981698719,2.630223017894269,0.41711754359134007,0.7928186292529916,0.3817531603499188,198.99999999999983,0.0
p1_tmax2,1.3,0.3,60,0.325390625,0.017370793043878337,3.6944587606664863,0.5362506578675423,0.567752091807424,0.29142048261738074,198.9459935562673,0.10585262971574744
p1_tmax2,1.3,0.35,60,0.31588541666666664,0.019929749456908293,4.19036231736784,0.6936277164326884,0.33507245331714464,0.29518743882353615,196.9705989256475,3.9776261057305846
p1_tmax2,1.3,0.4,60,0.28658854166666664,0.01935694964565345,3.7052883340702847,0.5289957252165122,0.19811278176100328,0.17250226508259306,189.6547494135684,6.97680788553256
p1_tmax2,1.3,0.45,60,0.29544270833333336,0.018882347604303833,3.3466672722911572,0.5573682401094702,0.12819529125544188,0.07892358431742663,196.70542959650842,2.717520497667073
p1_tmax2,1.3,0.5,60,0.201171875,0.018204157014100233,4.106754670207687,0.4777189244941463,0.07763480110304904,0.06690391902900948,197.68413538832417,2.5790946388843032
p1_tmax2,1.3,0.55,60,0.13046875,0.012724724092873677,4.007419986602044,0.7237842244867804,0.08789273717421801,0.09575066305318686,197.94690135687415,2.0640733405263387
p1_tmax2,1.3,0.6,60,0.12291666666666666,0.013332578545020228,4.9410369219291885,0.7474942492587755,0.05552732302123761,0.08780486473786589,194.8619677294775,5.485728065795275
p1_tmax2,1.3,0.65,60,0.11080729166666667,0.011819008487403825,5.147829608957314,0.7617852743801166,0.038796447849528355,0.048926344374730736,198.0687059993895,1.8253362411961722
p1_tmax2,1.3,0.7,60,0.10130208333333333,0.008496585618690001,5.032741101652378,0.7266000340802489,0.08565807478302404,0.09300037379599248,194.23001622702105,4.966370528995022
p1_tmax2,1.3,0.75,60,0.09856770833333334,0.012126595457133606,5.495220472552954,0.7668070191057789,0.033483525555571624,0.03506307496488285,192.97170824227675,6.007345119268981
p1_tmax2,1.3,0.8,60,0.08828125,0.009720656138578167,5.63074381126457,0.8243744449479393,0.13262750466666928,0.21043172214542422,190.8120863317383,8.142988569452314
p1_tmax2,1.3,0.85,60,0.08385416666666666,0.010666509939647939,5.994331263091443,0.8787043805628006,0.002929240672787859,0.003925164977467068,196.77609169434885,3.0971657842467115
p1_tmax2,1.3,0.9,60,0.07486979166666667,0.008584415807988795,6.501506443276634,0.8300148384583608,0.027847421778850502,0.04011821394970975,194.2115548454061,4.495211182108786
p1_tmax2,1.3,0.95,60,0.076953125,0.009879651945578155,7.672249003753299,0.8829915262851951,0.002670137009391738,0.004640651142168719,196.16212458316937,3.28024885897229
p1_tmax2,1.3,1.0,60,0.04765625,0.007026501849409839,7.328737332885404,0.9441798221802701,9.343869079041179,2.6545490185981353,192.90002567315824,6.274770406631905
p1_tmax2,1.4,0.0,60,0.2947916666666667,0.008906858211795992,0.3583589976230785,0.062446762504130934,2.740373013387981,0.6567693900407565,166.29718769615693,11.91926760398857
p1_tmax2,1.4,0.05,60,0.29583333333333334,0.012725591602919811,0.4014117520064966,0.07750021346731958,2.4895765399100966,0.6013504721116821,168.69975712732293,11.905734049274134
p1_tmax2,1.4,0.1,60,0.30234375,0.011184445648377542,1.1668319983121807,0.24760564852930023,1.2224797238536924,0.43397352280449675,190.3402485898397,6.27716566506213
p1_tmax2,1.4,0.15,60,0.3072916666666667,0.015401635575917613,1.8638094265797203,0.36199818348589563,1.1531440888807825,0.416442404644004,189.53973599732555,7.374051419176309
p1_tmax2,1.4,0.2,60,0.29401041666666666,0.01196645796328342,3.0948859322588738,0.4850122500289921,0.5062101570346145,0.2596810325088663,195.9377053096364,3.810601037714232
p1_tmax2,1.4,0.25,60,0.277734375,0.014727877965138782,3.471810620052174,0.6147280131384331,0.47837025414455037,0.23264063893013753,198.22654508645059,1.51597163055652
p1_tmax2,1.4,0.3,60,0.2794270833333333,0.01972597823562328,3.745624001447753,0.590961607405551,0.31818261304572193,0.206666459080191,196.42791157085176,2.951928728772866
p1_tmax2,1.4,0.35,60,0.266015625,0.015652288009588775,4.0948601994542635,0.6327697064416726,0.10832561901776001,0.1195141392526075,191.37629900813215,5.083857504580156
p1_tmax2,1.4,0.4,60,0.25755208333333335,0.017260404839591025,4.494446357657597,0.5902417392432163,0.17595509510836568,0.13576081196257983,198.8336802431212,0.3259867234821086
p1_tmax2,1.4,0.45,60,0.23854166666666668,0.018189020765303973,4.421137085071365,0.6923735180548346,0.0962415551983906,0.10443427915651655,196.48797930530307,3.0399921283284574
p1_tmax2,1.4,0.5,60,0.168359375,0.014070078829127312,4.630389650092826,0.6612854242687769,0.05255894100465024,0.05906051478465939,195.40916657072302,4.281186696074485
p1_tmax2,1.4,0.55,60,0.132421875,0.014700869593070374,4.888172595859777,0.8251507430221975,0.013887262697079671,0.013613147637203648,197.17286062711463,2.492009001812895
p1_tmax2,1.4,0.6,60,0.11158854166666667,0.012310902156536277,5.238640235297313,0.7651135606942792,0.01753156042192061,0.029345176615673454,196.54174721505612,3.431878164536487
p1_tmax2,1.4,0.65,60,0.10364583333333334,0.011787443126988434,6.379259758733499,0.9078126810848235,0.016926995736949012,0.01837491652682659,195.0314976992155,5.772768536471476
p1_tmax2,1.4,0.7,60,0.09986979166666667,0.009968197608766294,6.44974239791215,0.7498265895905586,0.009249916239988802,0.013421443085697569,192.86514950708462,6.007306267007247
p1_tmax2,1.4,0.75,60,0.08294270833333334,0.009894836475028543,6.3602009658591205,0.8244501972729306,0.014880070147271624,0.02022178518771475,195.7974065491814,3.158760213464559
p1_tmax2,1.4,0.8,60,0.07395833333333333,0.007525070894861591,7.543218572172085,0.8996736547822713,0.00047576700972733064,0.0008305810758359373,192.03689947622402,5.715384862892989
p1_tmax2,1.4,0.85,60,0.07395833333333333,0.009239738886358666,7.622210984740773,0.9227309050564712,8.835245588030226e-06,8.757687875737966e-06,196.01795809231635,3.401705818130422
p1_tmax2,1.4,0.9,60,0.068359375,0.008376135746125276,7.600880094153636,0.9290070764754209,0.002130179907929612,0.004170735699565094,193.24510930079538,5.907444283148702
p1_tmax2,1.4,0.95,60,0.06901041666666667,0.007407080078555688,7.301835101524557,0.8862639974887857,4.0555298546616845e-07,5.365523522644649e-07,183.4724551047319,10.092954573228786
p1_tmax2,1.4,1.0,60,0.0359375,0.006004868882843425,8.389427799533488,0.9672171005809027,6.196647755315444,2.4472242569108076,195.36925712955286,3.790566891410768
